2026-07-06 23:25:29.189 | INFO     | core.logging:setup_logging:67 | Logging system initialized
2026-07-06 23:25:29.193 | INFO     | main:lifespan:35 | Starting GARUDA v1.0.0
2026-07-06 23:25:29.193 | INFO     | main:lifespan:36 | Environment: development
2026-07-06 23:25:29.204 | INFO     | main:lifespan:38 | Database initialized
2026-07-06 23:29:57.743 | INFO     | core.logging:setup_logging:67 | Logging system initialized
2026-07-06 23:29:57.746 | INFO     | main:lifespan:35 | Starting GARUDA v1.0.0
2026-07-06 23:29:57.746 | INFO     | main:lifespan:36 | Environment: development
2026-07-06 23:29:57.754 | INFO     | main:lifespan:38 | Database initialized
2026-07-06 23:30:33.816 | INFO     | core.logging:setup_logging:67 | Logging system initialized
2026-07-06 23:30:33.821 | INFO     | main:lifespan:35 | Starting GARUDA v1.0.0
2026-07-06 23:30:33.822 | INFO     | main:lifespan:36 | Environment: development
2026-07-06 23:30:33.850 | INFO     | main:lifespan:38 | Database initialized
2026-07-06 23:30:57.415 | INFO     | core.logging:setup_logging:67 | Logging system initialized
2026-07-06 23:30:57.417 | INFO     | main:lifespan:35 | Starting GARUDA v1.0.0
2026-07-06 23:30:57.418 | INFO     | main:lifespan:36 | Environment: development
2026-07-06 23:30:57.425 | INFO     | main:lifespan:38 | Database initialized
2026-07-06 23:32:11.737 | INFO     | core.logging:setup_logging:67 | Logging system initialized
2026-07-06 23:32:11.742 | INFO     | main:lifespan:35 | Starting GARUDA v1.0.0
2026-07-06 23:32:11.742 | INFO     | main:lifespan:36 | Environment: development
2026-07-06 23:32:11.757 | INFO     | main:lifespan:38 | Database initialized
2026-07-06 23:45:33.555 | INFO     | core.logging:setup_logging:67 | Logging system initialized
2026-07-06 23:45:33.559 | INFO     | main:lifespan:35 | Starting GARUDA v1.0.0
2026-07-06 23:45:33.559 | INFO     | main:lifespan:36 | Environment: development
2026-07-06 23:45:33.565 | INFO     | main:lifespan:38 | Database initialized
2026-07-06 23:46:09.129 | INFO     | services.project_service:create_project:129 | Project created
2026-07-06 23:46:10.761 | INFO     | services.project_service:open_project:156 | Project opened
2026-07-06 23:46:10.781 | INFO     | services.project_service:open_project:156 | Project opened
2026-07-06 23:46:10.793 | INFO     | services.project_service:open_project:156 | Project opened
2026-07-06 23:46:10.811 | INFO     | services.project_service:open_project:156 | Project opened
2026-07-06 23:46:10.825 | INFO     | services.project_service:open_project:156 | Project opened
2026-07-06 23:46:10.854 | INFO     | services.project_service:open_project:156 | Project opened
2026-07-06 23:46:10.882 | INFO     | services.project_service:open_project:156 | Project opened
2026-07-06 23:46:10.898 | INFO     | services.project_service:open_project:156 | Project opened
2026-07-06 23:46:10.911 | INFO     | services.project_service:open_project:156 | Project opened
2026-07-06 23:46:10.924 | INFO     | services.project_service:open_project:156 | Project opened
2026-07-06 23:46:10.938 | INFO     | services.project_service:open_project:156 | Project opened
2026-07-06 23:46:10.950 | INFO     | services.project_service:open_project:156 | Project opened
2026-07-06 23:46:10.964 | INFO     | services.project_service:open_project:156 | Project opened
2026-07-06 23:46:10.978 | INFO     | services.project_service:open_project:156 | Project opened
2026-07-06 23:46:10.990 | INFO     | services.project_service:open_project:156 | Project opened
2026-07-06 23:46:11.003 | INFO     | services.project_service:open_project:156 | Project opened
2026-07-06 23:46:11.015 | INFO     | services.project_service:open_project:156 | Project opened
2026-07-06 23:46:11.023 | INFO     | services.project_service:open_project:156 | Project opened
2026-07-06 23:46:11.042 | INFO     | services.project_service:open_project:156 | Project opened
2026-07-06 23:46:11.054 | INFO     | services.project_service:open_project:156 | Project opened
2026-07-06 23:46:11.067 | INFO     | services.project_service:open_project:156 | Project opened
2026-07-06 23:46:11.078 | INFO     | services.project_service:open_project:156 | Project opened
2026-07-06 23:46:11.090 | INFO     | services.project_service:open_project:156 | Project opened
2026-07-06 23:46:11.105 | INFO     | services.project_service:open_project:156 | Project opened
2026-07-06 23:46:11.119 | INFO     | services.project_service:open_project:156 | Project opened
2026-07-06 23:46:11.132 | INFO     | services.project_service:open_project:156 | Project opened
2026-07-06 23:46:11.146 | INFO     | services.project_service:open_project:156 | Project opened
2026-07-06 23:46:11.164 | INFO     | services.project_service:open_project:156 | Project opened
2026-07-06 23:46:11.176 | INFO     | services.project_service:open_project:156 | Project opened
2026-07-06 23:46:11.190 | INFO     | services.project_service:open_project:156 | Project opened
2026-07-06 23:46:11.205 | INFO     | services.project_service:open_project:156 | Project opened
2026-07-06 23:46:11.217 | INFO     | services.project_service:open_project:156 | Project opened
2026-07-06 23:46:11.227 | INFO     | services.project_service:open_project:156 | Project opened
2026-07-06 23:46:11.236 | INFO     | services.project_service:open_project:156 | Project opened
2026-07-06 23:46:11.249 | INFO     | services.project_service:open_project:156 | Project opened
2026-07-06 23:46:11.262 | INFO     | services.project_service:open_project:156 | Project opened
2026-07-06 23:46:11.268 | INFO     | services.project_service:open_project:156 | Project opened
2026-07-06 23:46:11.278 | INFO     | services.project_service:open_project:156 | Project opened
2026-07-06 23:46:11.292 | INFO     | services.project_service:open_project:156 | Project opened
2026-07-06 23:46:11.310 | INFO     | services.project_service:open_project:156 | Project opened
2026-07-06 23:46:11.325 | INFO     | services.project_service:open_project:156 | Project opened
2026-07-06 23:46:11.372 | INFO     | services.project_service:open_project:156 | Project opened
2026-07-06 23:46:11.387 | INFO     | services.project_service:open_project:156 | Project opened
2026-07-06 23:46:11.414 | INFO     | services.project_service:open_project:156 | Project opened
2026-07-06 23:46:11.429 | INFO     | services.project_service:open_project:156 | Project opened
2026-07-06 23:46:11.451 | INFO     | services.project_service:open_project:156 | Project opened
2026-07-06 23:46:11.465 | INFO     | services.project_service:open_project:156 | Project opened
2026-07-06 23:46:11.474 | INFO     | services.project_service:open_project:156 | Project opened
2026-07-06 23:46:11.485 | INFO     | services.project_service:open_project:156 | Project opened
2026-07-06 23:46:11.515 | INFO     | services.project_service:open_project:156 | Project opened
2026-07-06 23:46:11.534 | INFO     | services.project_service:open_project:156 | Project opened
2026-07-06 23:46:11.545 | INFO     | services.project_service:open_project:156 | Project opened
2026-07-06 23:46:11.556 | INFO     | services.project_service:open_project:156 | Project opened
2026-07-06 23:46:11.565 | INFO     | services.project_service:open_project:156 | Project opened
2026-07-06 23:46:11.582 | INFO     | services.project_service:open_project:156 | Project opened
2026-07-06 23:46:11.596 | INFO     | services.project_service:open_project:156 | Project opened
2026-07-06 23:46:11.622 | INFO     | services.project_service:open_project:156 | Project opened
2026-07-06 23:46:11.631 | INFO     | services.project_service:open_project:156 | Project opened
2026-07-06 23:46:11.645 | INFO     | services.project_service:open_project:156 | Project opened
2026-07-06 23:46:11.657 | INFO     | services.project_service:open_project:156 | Project opened
2026-07-06 23:46:11.671 | INFO     | services.project_service:open_project:156 | Project opened
2026-07-06 23:46:11.685 | INFO     | services.project_service:open_project:156 | Project opened
2026-07-06 23:46:11.697 | INFO     | services.project_service:open_project:156 | Project opened
2026-07-06 23:46:11.706 | INFO     | services.project_service:open_project:156 | Project opened
2026-07-06 23:46:11.718 | INFO     | services.project_service:open_project:156 | Project opened
2026-07-06 23:46:11.732 | INFO     | services.project_service:open_project:156 | Project opened
2026-07-06 23:46:11.740 | INFO     | services.project_service:open_project:156 | Project opened
2026-07-06 23:46:11.753 | INFO     | services.project_service:open_project:156 | Project opened
2026-07-06 23:46:11.770 | INFO     | services.project_service:open_project:156 | Project opened
2026-07-06 23:46:11.778 | INFO     | services.project_service:open_project:156 | Project opened
2026-07-06 23:46:11.790 | INFO     | services.project_service:open_project:156 | Project opened
2026-07-06 23:46:11.804 | INFO     | services.project_service:open_project:156 | Project opened
2026-07-06 23:46:11.811 | INFO     | services.project_service:open_project:156 | Project opened
2026-07-06 23:46:11.829 | INFO     | services.project_service:open_project:156 | Project opened
2026-07-06 23:46:11.840 | INFO     | services.project_service:open_project:156 | Project opened
2026-07-06 23:46:11.856 | INFO     | services.project_service:open_project:156 | Project opened
2026-07-06 23:46:11.870 | INFO     | services.project_service:open_project:156 | Project opened
2026-07-06 23:46:11.884 | INFO     | services.project_service:open_project:156 | Project opened
2026-07-06 23:46:11.897 | INFO     | services.project_service:open_project:156 | Project opened
2026-07-06 23:46:11.909 | INFO     | services.project_service:open_project:156 | Project opened
2026-07-06 23:46:11.927 | INFO     | services.project_service:open_project:156 | Project opened
2026-07-06 23:46:11.945 | INFO     | services.project_service:open_project:156 | Project opened
2026-07-06 23:46:11.964 | INFO     | services.project_service:open_project:156 | Project opened
2026-07-06 23:46:11.984 | INFO     | services.project_service:open_project:156 | Project opened
2026-07-06 23:46:12.006 | INFO     | services.project_service:open_project:156 | Project opened
2026-07-06 23:46:12.037 | INFO     | services.project_service:open_project:156 | Project opened
2026-07-06 23:46:12.064 | INFO     | services.project_service:open_project:156 | Project opened
2026-07-06 23:46:12.093 | INFO     | services.project_service:open_project:156 | Project opened
2026-07-06 23:46:12.110 | INFO     | services.project_service:open_project:156 | Project opened
2026-07-06 23:46:12.137 | INFO     | services.project_service:open_project:156 | Project opened
2026-07-06 23:46:12.158 | INFO     | services.project_service:open_project:156 | Project opened
2026-07-06 23:46:12.182 | INFO     | services.project_service:open_project:156 | Project opened
2026-07-06 23:46:12.200 | INFO     | services.project_service:open_project:156 | Project opened
2026-07-06 23:46:12.218 | INFO     | services.project_service:open_project:156 | Project opened
2026-07-06 23:46:12.240 | INFO     | services.project_service:open_project:156 | Project opened
2026-07-06 23:46:12.260 | INFO     | services.project_service:open_project:156 | Project opened
2026-07-06 23:46:12.284 | INFO     | services.project_service:open_project:156 | Project opened
2026-07-06 23:46:12.298 | INFO     | services.project_service:open_project:156 | Project opened
2026-07-06 23:46:12.315 | INFO     | services.project_service:open_project:156 | Project opened
2026-07-06 23:46:12.326 | INFO     | services.project_service:open_project:156 | Project opened
2026-07-06 23:46:12.339 | INFO     | services.project_service:open_project:156 | Project opened
2026-07-06 23:46:12.362 | INFO     | services.project_service:open_project:156 | Project opened
2026-07-06 23:46:12.375 | INFO     | services.project_service:open_project:156 | Project opened
2026-07-06 23:46:12.385 | INFO     | services.project_service:open_project:156 | Project opened
2026-07-06 23:46:12.397 | INFO     | services.project_service:open_project:156 | Project opened
2026-07-06 23:46:12.406 | INFO     | services.project_service:open_project:156 | Project opened
2026-07-06 23:46:16.609 | INFO     | services.project_service:open_project:156 | Project opened
2026-07-06 23:46:16.681 | INFO     | services.project_service:open_project:156 | Project opened
2026-07-06 23:46:16.700 | INFO     | services.project_service:open_project:156 | Project opened
2026-07-06 23:46:16.714 | INFO     | services.project_service:open_project:156 | Project opened
2026-07-06 23:46:16.731 | INFO     | services.project_service:open_project:156 | Project opened
2026-07-06 23:46:16.743 | INFO     | services.project_service:open_project:156 | Project opened
2026-07-06 23:46:16.776 | INFO     | services.project_service:open_project:156 | Project opened
2026-07-06 23:46:16.796 | INFO     | services.project_service:open_project:156 | Project opened
2026-07-06 23:46:16.815 | INFO     | services.project_service:open_project:156 | Project opened
2026-07-06 23:46:16.829 | INFO     | services.project_service:open_project:156 | Project opened
2026-07-06 23:46:16.843 | INFO     | services.project_service:open_project:156 | Project opened
2026-07-06 23:46:16.860 | INFO     | services.project_service:open_project:156 | Project opened
2026-07-06 23:46:16.887 | INFO     | services.project_service:open_project:156 | Project opened
2026-07-06 23:46:16.933 | INFO     | services.project_service:open_project:156 | Project opened
2026-07-06 23:46:16.953 | INFO     | services.project_service:open_project:156 | Project opened
2026-07-06 23:46:16.986 | INFO     | services.project_service:open_project:156 | Project opened
2026-07-06 23:46:17.001 | INFO     | services.project_service:open_project:156 | Project opened
2026-07-06 23:46:17.012 | INFO     | services.project_service:open_project:156 | Project opened
2026-07-06 23:46:17.028 | INFO     | services.project_service:open_project:156 | Project opened
2026-07-06 23:46:17.039 | INFO     | services.project_service:open_project:156 | Project opened
2026-07-06 23:46:17.051 | INFO     | services.project_service:open_project:156 | Project opened
2026-07-06 23:46:17.066 | INFO     | services.project_service:open_project:156 | Project opened
2026-07-06 23:46:17.078 | INFO     | services.project_service:open_project:156 | Project opened
2026-07-06 23:46:17.106 | INFO     | services.project_service:open_project:156 | Project opened
2026-07-06 23:46:17.119 | INFO     | services.project_service:open_project:156 | Project opened
2026-07-06 23:46:17.128 | INFO     | services.project_service:open_project:156 | Project opened
2026-07-06 23:46:17.142 | INFO     | services.project_service:open_project:156 | Project opened
2026-07-06 23:46:17.159 | INFO     | services.project_service:open_project:156 | Project opened
2026-07-06 23:46:17.171 | INFO     | services.project_service:open_project:156 | Project opened
2026-07-06 23:46:17.186 | INFO     | services.project_service:open_project:156 | Project opened
2026-07-06 23:46:17.200 | INFO     | services.project_service:open_project:156 | Project opened
2026-07-06 23:46:17.214 | INFO     | services.project_service:open_project:156 | Project opened
2026-07-06 23:46:17.226 | INFO     | services.project_service:open_project:156 | Project opened
2026-07-06 23:46:17.238 | INFO     | services.project_service:open_project:156 | Project opened
2026-07-06 23:46:17.249 | INFO     | services.project_service:open_project:156 | Project opened
2026-07-06 23:46:17.259 | INFO     | services.project_service:open_project:156 | Project opened
2026-07-06 23:46:17.270 | INFO     | services.project_service:open_project:156 | Project opened
2026-07-06 23:46:17.279 | INFO     | services.project_service:open_project:156 | Project opened
2026-07-06 23:46:17.291 | INFO     | services.project_service:open_project:156 | Project opened
2026-07-06 23:46:17.304 | INFO     | services.project_service:open_project:156 | Project opened
2026-07-06 23:46:17.317 | INFO     | services.project_service:open_project:156 | Project opened
2026-07-06 23:46:17.330 | INFO     | services.project_service:open_project:156 | Project opened
2026-07-06 23:46:17.343 | INFO     | services.project_service:open_project:156 | Project opened
2026-07-06 23:46:17.358 | INFO     | services.project_service:open_project:156 | Project opened
2026-07-06 23:46:17.371 | INFO     | services.project_service:open_project:156 | Project opened
2026-07-06 23:46:17.383 | INFO     | services.project_service:open_project:156 | Project opened
2026-07-06 23:46:17.402 | INFO     | services.project_service:open_project:156 | Project opened
2026-07-06 23:46:17.415 | INFO     | services.project_service:open_project:156 | Project opened
2026-07-06 23:46:17.434 | INFO     | services.project_service:open_project:156 | Project opened
2026-07-06 23:46:17.450 | INFO     | services.project_service:open_project:156 | Project opened
2026-07-06 23:46:17.468 | INFO     | services.project_service:open_project:156 | Project opened
2026-07-06 23:46:17.487 | INFO     | services.project_service:open_project:156 | Project opened
2026-07-06 23:46:17.501 | INFO     | services.project_service:open_project:156 | Project opened
2026-07-06 23:46:17.523 | INFO     | services.project_service:open_project:156 | Project opened
2026-07-06 23:46:17.540 | INFO     | services.project_service:open_project:156 | Project opened
2026-07-06 23:46:17.553 | INFO     | services.project_service:open_project:156 | Project opened
2026-07-06 23:46:17.568 | INFO     | services.project_service:open_project:156 | Project opened
2026-07-06 23:46:17.581 | INFO     | services.project_service:open_project:156 | Project opened
2026-07-06 23:46:17.596 | INFO     | services.project_service:open_project:156 | Project opened
2026-07-06 23:46:17.618 | INFO     | services.project_service:open_project:156 | Project opened
2026-07-06 23:46:17.635 | INFO     | services.project_service:open_project:156 | Project opened
2026-07-06 23:46:17.659 | INFO     | services.project_service:open_project:156 | Project opened
2026-07-06 23:46:17.673 | INFO     | services.project_service:open_project:156 | Project opened
2026-07-06 23:46:17.685 | INFO     | services.project_service:open_project:156 | Project opened
2026-07-06 23:46:17.704 | INFO     | services.project_service:open_project:156 | Project opened
2026-07-06 23:46:17.720 | INFO     | services.project_service:open_project:156 | Project opened
2026-07-06 23:46:17.731 | INFO     | services.project_service:open_project:156 | Project opened
2026-07-06 23:46:17.750 | INFO     | services.project_service:open_project:156 | Project opened
2026-07-06 23:46:17.762 | INFO     | services.project_service:open_project:156 | Project opened
2026-07-06 23:46:17.774 | INFO     | services.project_service:open_project:156 | Project opened
2026-07-06 23:46:17.790 | INFO     | services.project_service:open_project:156 | Project opened
2026-07-06 23:46:17.804 | INFO     | services.project_service:open_project:156 | Project opened
2026-07-06 23:46:17.815 | INFO     | services.project_service:open_project:156 | Project opened
2026-07-06 23:46:17.832 | INFO     | services.project_service:open_project:156 | Project opened
2026-07-06 23:46:17.840 | INFO     | services.project_service:open_project:156 | Project opened
2026-07-06 23:46:17.859 | INFO     | services.project_service:open_project:156 | Project opened
2026-07-06 23:46:17.868 | INFO     | services.project_service:open_project:156 | Project opened
2026-07-06 23:46:17.880 | INFO     | services.project_service:open_project:156 | Project opened
2026-07-06 23:46:17.899 | INFO     | services.project_service:open_project:156 | Project opened
2026-07-06 23:46:17.917 | INFO     | services.project_service:open_project:156 | Project opened
2026-07-06 23:46:17.931 | INFO     | services.project_service:open_project:156 | Project opened
2026-07-06 23:46:17.937 | INFO     | services.project_service:open_project:156 | Project opened
2026-07-06 23:46:17.953 | INFO     | services.project_service:open_project:156 | Project opened
2026-07-06 23:46:17.968 | INFO     | services.project_service:open_project:156 | Project opened
2026-07-06 23:46:17.989 | INFO     | services.project_service:open_project:156 | Project opened
2026-07-06 23:46:18.021 | INFO     | services.project_service:open_project:156 | Project opened
2026-07-06 23:46:18.043 | INFO     | services.project_service:open_project:156 | Project opened
2026-07-06 23:46:18.059 | INFO     | services.project_service:open_project:156 | Project opened
2026-07-06 23:46:18.086 | INFO     | services.project_service:open_project:156 | Project opened
2026-07-06 23:46:18.104 | INFO     | services.project_service:open_project:156 | Project opened
2026-07-06 23:46:18.123 | INFO     | services.project_service:open_project:156 | Project opened
2026-07-06 23:46:18.143 | INFO     | services.project_service:open_project:156 | Project opened
2026-07-06 23:46:18.158 | INFO     | services.project_service:open_project:156 | Project opened
2026-07-06 23:46:18.171 | INFO     | services.project_service:open_project:156 | Project opened
2026-07-06 23:46:18.192 | INFO     | services.project_service:open_project:156 | Project opened
2026-07-06 23:46:18.204 | INFO     | services.project_service:open_project:156 | Project opened
2026-07-06 23:46:18.215 | INFO     | services.project_service:open_project:156 | Project opened
2026-07-06 23:46:18.229 | INFO     | services.project_service:open_project:156 | Project opened
2026-07-06 23:46:18.239 | INFO     | services.project_service:open_project:156 | Project opened
2026-07-06 23:46:18.250 | INFO     | services.project_service:open_project:156 | Project opened
2026-07-06 23:46:18.267 | INFO     | services.project_service:open_project:156 | Project opened
2026-07-06 23:46:18.275 | INFO     | services.project_service:open_project:156 | Project opened
2026-07-06 23:46:18.288 | INFO     | services.project_service:open_project:156 | Project opened
2026-07-06 23:46:18.299 | INFO     | services.project_service:open_project:156 | Project opened
2026-07-06 23:46:18.309 | INFO     | services.project_service:open_project:156 | Project opened
2026-07-06 23:46:18.321 | INFO     | services.project_service:open_project:156 | Project opened
2026-07-07 00:02:20.355 | INFO     | core.logging:setup_logging:67 | Logging system initialized
2026-07-07 00:02:20.357 | INFO     | main:lifespan:35 | Starting GARUDA v1.0.0
2026-07-07 00:02:20.358 | INFO     | main:lifespan:36 | Environment: development
2026-07-07 00:02:20.365 | INFO     | main:lifespan:38 | Database initialized
2026-07-07 00:02:38.575 | INFO     | services.project_service:open_project:156 | Project opened
2026-07-07 00:02:38.594 | INFO     | services.project_service:open_project:156 | Project opened
2026-07-07 00:02:38.605 | INFO     | services.project_service:open_project:156 | Project opened
2026-07-07 00:02:38.620 | INFO     | services.project_service:open_project:156 | Project opened
2026-07-07 00:02:38.628 | INFO     | services.project_service:open_project:156 | Project opened
2026-07-07 00:02:38.637 | INFO     | services.project_service:open_project:156 | Project opened
2026-07-07 00:02:38.646 | INFO     | services.project_service:open_project:156 | Project opened
2026-07-07 00:02:38.655 | INFO     | services.project_service:open_project:156 | Project opened
2026-07-07 00:02:38.662 | INFO     | services.project_service:open_project:156 | Project opened
2026-07-07 00:02:38.671 | INFO     | services.project_service:open_project:156 | Project opened
2026-07-07 00:02:38.678 | INFO     | services.project_service:open_project:156 | Project opened
2026-07-07 00:02:38.685 | INFO     | services.project_service:open_project:156 | Project opened
2026-07-07 00:02:38.695 | INFO     | services.project_service:open_project:156 | Project opened
2026-07-07 00:02:38.702 | INFO     | services.project_service:open_project:156 | Project opened
2026-07-07 00:02:38.711 | INFO     | services.project_service:open_project:156 | Project opened
2026-07-07 00:02:38.718 | INFO     | services.project_service:open_project:156 | Project opened
2026-07-07 00:02:38.726 | INFO     | services.project_service:open_project:156 | Project opened
2026-07-07 00:02:38.736 | INFO     | services.project_service:open_project:156 | Project opened
2026-07-07 00:02:38.742 | INFO     | services.project_service:open_project:156 | Project opened
2026-07-07 00:02:38.750 | INFO     | services.project_service:open_project:156 | Project opened
2026-07-07 00:02:38.758 | INFO     | services.project_service:open_project:156 | Project opened
2026-07-07 00:02:38.767 | INFO     | services.project_service:open_project:156 | Project opened
2026-07-07 00:02:38.779 | INFO     | services.project_service:open_project:156 | Project opened
2026-07-07 00:02:38.786 | INFO     | services.project_service:open_project:156 | Project opened
2026-07-07 00:02:38.794 | INFO     | services.project_service:open_project:156 | Project opened
2026-07-07 00:02:38.801 | INFO     | services.project_service:open_project:156 | Project opened
2026-07-07 00:02:38.811 | INFO     | services.project_service:open_project:156 | Project opened
2026-07-07 00:02:38.819 | INFO     | services.project_service:open_project:156 | Project opened
2026-07-07 00:02:38.828 | INFO     | services.project_service:open_project:156 | Project opened
2026-07-07 00:02:38.838 | INFO     | services.project_service:open_project:156 | Project opened
2026-07-07 00:02:38.845 | INFO     | services.project_service:open_project:156 | Project opened
2026-07-07 00:02:38.854 | INFO     | services.project_service:open_project:156 | Project opened
2026-07-07 00:02:38.862 | INFO     | services.project_service:open_project:156 | Project opened
2026-07-07 00:02:38.869 | INFO     | services.project_service:open_project:156 | Project opened
2026-07-07 00:02:38.879 | INFO     | services.project_service:open_project:156 | Project opened
2026-07-07 00:02:38.887 | INFO     | services.project_service:open_project:156 | Project opened
2026-07-07 00:02:38.898 | INFO     | services.project_service:open_project:156 | Project opened
2026-07-07 00:02:38.905 | INFO     | services.project_service:open_project:156 | Project opened
2026-07-07 00:02:38.911 | INFO     | services.project_service:open_project:156 | Project opened
2026-07-07 00:02:38.920 | INFO     | services.project_service:open_project:156 | Project opened
2026-07-07 00:02:38.932 | INFO     | services.project_service:open_project:156 | Project opened
2026-07-07 00:02:38.944 | INFO     | services.project_service:open_project:156 | Project opened
2026-07-07 00:02:38.954 | INFO     | services.project_service:open_project:156 | Project opened
2026-07-07 00:02:38.961 | INFO     | services.project_service:open_project:156 | Project opened
2026-07-07 00:02:38.970 | INFO     | services.project_service:open_project:156 | Project opened
2026-07-07 00:02:38.977 | INFO     | services.project_service:open_project:156 | Project opened
2026-07-07 00:02:38.985 | INFO     | services.project_service:open_project:156 | Project opened
2026-07-07 00:02:38.994 | INFO     | services.project_service:open_project:156 | Project opened
2026-07-07 00:02:39.000 | INFO     | services.project_service:open_project:156 | Project opened
2026-07-07 00:02:39.008 | INFO     | services.project_service:open_project:156 | Project opened
2026-07-07 00:02:39.015 | INFO     | services.project_service:open_project:156 | Project opened
2026-07-07 00:02:39.023 | INFO     | services.project_service:open_project:156 | Project opened
2026-07-07 00:02:39.032 | INFO     | services.project_service:open_project:156 | Project opened
2026-07-07 00:02:39.042 | INFO     | services.project_service:open_project:156 | Project opened
2026-07-07 00:02:39.052 | INFO     | services.project_service:open_project:156 | Project opened
2026-07-07 00:02:39.059 | INFO     | services.project_service:open_project:156 | Project opened
2026-07-07 00:02:39.068 | INFO     | services.project_service:open_project:156 | Project opened
2026-07-07 00:02:39.078 | INFO     | services.project_service:open_project:156 | Project opened
2026-07-07 00:02:39.085 | INFO     | services.project_service:open_project:156 | Project opened
2026-07-07 00:02:39.094 | INFO     | services.project_service:open_project:156 | Project opened
2026-07-07 00:02:39.100 | INFO     | services.project_service:open_project:156 | Project opened
2026-07-07 00:02:39.110 | INFO     | services.project_service:open_project:156 | Project opened
2026-07-07 00:02:39.118 | INFO     | services.project_service:open_project:156 | Project opened
2026-07-07 00:02:39.125 | INFO     | services.project_service:open_project:156 | Project opened
2026-07-07 00:02:39.134 | INFO     | services.project_service:open_project:156 | Project opened
2026-07-07 00:02:39.140 | INFO     | services.project_service:open_project:156 | Project opened
2026-07-07 00:02:39.149 | INFO     | services.project_service:open_project:156 | Project opened
2026-07-07 00:02:39.160 | INFO     | services.project_service:open_project:156 | Project opened
2026-07-07 00:02:39.167 | INFO     | services.project_service:open_project:156 | Project opened
2026-07-07 00:02:39.176 | INFO     | services.project_service:open_project:156 | Project opened
2026-07-07 00:02:39.183 | INFO     | services.project_service:open_project:156 | Project opened
2026-07-07 00:02:39.192 | INFO     | services.project_service:open_project:156 | Project opened
2026-07-07 00:02:39.201 | INFO     | services.project_service:open_project:156 | Project opened
2026-07-07 00:02:39.210 | INFO     | services.project_service:open_project:156 | Project opened
2026-07-07 00:02:39.217 | INFO     | services.project_service:open_project:156 | Project opened
2026-07-07 00:02:39.224 | INFO     | services.project_service:open_project:156 | Project opened
2026-07-07 00:02:39.232 | INFO     | services.project_service:open_project:156 | Project opened
2026-07-07 00:02:39.239 | INFO     | services.project_service:open_project:156 | Project opened
2026-07-07 00:02:39.248 | INFO     | services.project_service:open_project:156 | Project opened
2026-07-07 00:02:39.256 | INFO     | services.project_service:open_project:156 | Project opened
2026-07-07 00:02:39.261 | INFO     | services.project_service:open_project:156 | Project opened
2026-07-07 00:02:39.269 | INFO     | services.project_service:open_project:156 | Project opened
2026-07-07 00:02:39.278 | INFO     | services.project_service:open_project:156 | Project opened
2026-07-07 00:02:39.286 | INFO     | services.project_service:open_project:156 | Project opened
2026-07-07 00:02:39.294 | INFO     | services.project_service:open_project:156 | Project opened
2026-07-07 00:02:39.300 | INFO     | services.project_service:open_project:156 | Project opened
2026-07-07 00:02:39.308 | INFO     | services.project_service:open_project:156 | Project opened
2026-07-07 00:02:39.318 | INFO     | services.project_service:open_project:156 | Project opened
2026-07-07 00:02:39.327 | INFO     | services.project_service:open_project:156 | Project opened
2026-07-07 00:02:39.334 | INFO     | services.project_service:open_project:156 | Project opened
2026-07-07 00:02:39.339 | INFO     | services.project_service:open_project:156 | Project opened
2026-07-07 00:02:39.348 | INFO     | services.project_service:open_project:156 | Project opened
2026-07-07 00:02:39.356 | INFO     | services.project_service:open_project:156 | Project opened
2026-07-07 00:02:39.364 | INFO     | services.project_service:open_project:156 | Project opened
2026-07-07 00:02:39.371 | INFO     | services.project_service:open_project:156 | Project opened
2026-07-07 00:02:39.378 | INFO     | services.project_service:open_project:156 | Project opened
2026-07-07 00:02:39.385 | INFO     | services.project_service:open_project:156 | Project opened
2026-07-07 00:02:39.393 | INFO     | services.project_service:open_project:156 | Project opened
2026-07-07 00:02:39.400 | INFO     | services.project_service:open_project:156 | Project opened
2026-07-07 00:02:39.409 | INFO     | services.project_service:open_project:156 | Project opened
2026-07-07 00:02:39.415 | INFO     | services.project_service:open_project:156 | Project opened
2026-07-07 00:02:39.422 | INFO     | services.project_service:open_project:156 | Project opened
2026-07-07 00:02:39.431 | INFO     | services.project_service:open_project:156 | Project opened
2026-07-07 00:02:39.441 | INFO     | services.project_service:open_project:156 | Project opened
2026-07-07 00:02:39.447 | INFO     | services.project_service:open_project:156 | Project opened
2026-07-07 00:02:39.452 | INFO     | services.project_service:open_project:156 | Project opened
2026-07-07 00:02:53.546 | INFO     | services.project_service:open_project:156 | Project opened
2026-07-07 00:02:53.581 | INFO     | services.project_service:open_project:156 | Project opened
2026-07-07 00:02:53.616 | INFO     | services.project_service:open_project:156 | Project opened
2026-07-07 00:02:53.641 | INFO     | services.project_service:open_project:156 | Project opened
2026-07-07 00:02:53.652 | INFO     | services.project_service:open_project:156 | Project opened
2026-07-07 00:02:53.661 | INFO     | services.project_service:open_project:156 | Project opened
2026-07-07 00:02:53.667 | INFO     | services.project_service:open_project:156 | Project opened
2026-07-07 00:02:53.672 | INFO     | services.project_service:open_project:156 | Project opened
2026-07-07 00:02:53.684 | INFO     | services.project_service:open_project:156 | Project opened
2026-07-07 00:02:53.694 | INFO     | services.project_service:open_project:156 | Project opened
2026-07-07 00:02:53.704 | INFO     | services.project_service:open_project:156 | Project opened
2026-07-07 00:02:53.713 | INFO     | services.project_service:open_project:156 | Project opened
2026-07-07 00:02:53.723 | INFO     | services.project_service:open_project:156 | Project opened
2026-07-07 00:02:53.732 | INFO     | services.project_service:open_project:156 | Project opened
2026-07-07 00:02:53.736 | INFO     | services.project_service:open_project:156 | Project opened
2026-07-07 00:02:53.753 | INFO     | services.project_service:open_project:156 | Project opened
2026-07-07 00:02:53.763 | INFO     | services.project_service:open_project:156 | Project opened
2026-07-07 00:02:53.773 | INFO     | services.project_service:open_project:156 | Project opened
2026-07-07 00:02:53.781 | INFO     | services.project_service:open_project:156 | Project opened
2026-07-07 00:02:53.789 | INFO     | services.project_service:open_project:156 | Project opened
2026-07-07 00:02:53.798 | INFO     | services.project_service:open_project:156 | Project opened
2026-07-07 00:02:53.806 | INFO     | services.project_service:open_project:156 | Project opened
2026-07-07 00:02:53.815 | INFO     | services.project_service:open_project:156 | Project opened
2026-07-07 00:02:53.822 | INFO     | services.project_service:open_project:156 | Project opened
2026-07-07 00:02:53.829 | INFO     | services.project_service:open_project:156 | Project opened
2026-07-07 00:02:53.838 | INFO     | services.project_service:open_project:156 | Project opened
2026-07-07 00:02:53.842 | INFO     | services.project_service:open_project:156 | Project opened
2026-07-07 00:02:53.853 | INFO     | services.project_service:open_project:156 | Project opened
2026-07-07 00:02:53.864 | INFO     | services.project_service:open_project:156 | Project opened
2026-07-07 00:02:53.871 | INFO     | services.project_service:open_project:156 | Project opened
2026-07-07 00:02:53.882 | INFO     | services.project_service:open_project:156 | Project opened
2026-07-07 00:02:53.891 | INFO     | services.project_service:open_project:156 | Project opened
2026-07-07 00:02:53.903 | INFO     | services.project_service:open_project:156 | Project opened
2026-07-07 00:02:53.909 | INFO     | services.project_service:open_project:156 | Project opened
2026-07-07 00:02:53.914 | INFO     | services.project_service:open_project:156 | Project opened
2026-07-07 00:02:53.923 | INFO     | services.project_service:open_project:156 | Project opened
2026-07-07 00:02:53.935 | INFO     | services.project_service:open_project:156 | Project opened
2026-07-07 00:02:53.946 | INFO     | services.project_service:open_project:156 | Project opened
2026-07-07 00:02:53.952 | INFO     | services.project_service:open_project:156 | Project opened
2026-07-07 00:02:53.956 | INFO     | services.project_service:open_project:156 | Project opened
2026-07-07 00:02:53.956 | INFO     | services.project_service:open_project:156 | Project opened
2026-07-07 00:02:53.976 | INFO     | services.project_service:open_project:156 | Project opened
2026-07-07 00:02:53.982 | INFO     | services.project_service:open_project:156 | Project opened
2026-07-07 00:02:53.993 | INFO     | services.project_service:open_project:156 | Project opened
2026-07-07 00:02:54.002 | INFO     | services.project_service:open_project:156 | Project opened
2026-07-07 00:02:54.006 | INFO     | services.project_service:open_project:156 | Project opened
2026-07-07 00:02:54.015 | INFO     | services.project_service:open_project:156 | Project opened
2026-07-07 00:02:54.027 | INFO     | services.project_service:open_project:156 | Project opened
2026-07-07 00:02:54.036 | INFO     | services.project_service:open_project:156 | Project opened
2026-07-07 00:02:54.043 | INFO     | services.project_service:open_project:156 | Project opened
2026-07-07 00:02:54.050 | INFO     | services.project_service:open_project:156 | Project opened
2026-07-07 00:02:54.060 | INFO     | services.project_service:open_project:156 | Project opened
2026-07-07 00:02:54.060 | INFO     | services.project_service:open_project:156 | Project opened
2026-07-07 00:02:54.078 | INFO     | services.project_service:open_project:156 | Project opened
2026-07-07 00:02:54.084 | INFO     | services.project_service:open_project:156 | Project opened
2026-07-07 00:02:54.091 | INFO     | services.project_service:open_project:156 | Project opened
2026-07-07 00:02:54.091 | INFO     | services.project_service:open_project:156 | Project opened
2026-07-07 00:02:54.107 | INFO     | services.project_service:open_project:156 | Project opened
2026-07-07 00:02:54.114 | INFO     | services.project_service:open_project:156 | Project opened
2026-07-07 00:02:54.123 | INFO     | services.project_service:open_project:156 | Project opened
2026-07-07 00:02:54.123 | INFO     | services.project_service:open_project:156 | Project opened
2026-07-07 00:02:54.139 | INFO     | services.project_service:open_project:156 | Project opened
2026-07-07 00:02:54.139 | INFO     | services.project_service:open_project:156 | Project opened
2026-07-07 00:02:54.158 | INFO     | services.project_service:open_project:156 | Project opened
2026-07-07 00:02:54.165 | INFO     | services.project_service:open_project:156 | Project opened
2026-07-07 00:02:54.169 | INFO     | services.project_service:open_project:156 | Project opened
2026-07-07 00:02:54.169 | INFO     | services.project_service:open_project:156 | Project opened
2026-07-07 00:02:54.191 | INFO     | services.project_service:open_project:156 | Project opened
2026-07-07 00:02:54.199 | INFO     | services.project_service:open_project:156 | Project opened
2026-07-07 00:02:54.204 | INFO     | services.project_service:open_project:156 | Project opened
2026-07-07 00:02:54.207 | INFO     | services.project_service:open_project:156 | Project opened
2026-07-07 00:02:54.217 | INFO     | services.project_service:open_project:156 | Project opened
2026-07-07 00:02:54.223 | INFO     | services.project_service:open_project:156 | Project opened
2026-07-07 00:02:54.235 | INFO     | services.project_service:open_project:156 | Project opened
2026-07-07 00:02:54.240 | INFO     | services.project_service:open_project:156 | Project opened
2026-07-07 00:02:54.253 | INFO     | services.project_service:open_project:156 | Project opened
2026-07-07 00:02:54.263 | INFO     | services.project_service:open_project:156 | Project opened
2026-07-07 00:02:54.272 | INFO     | services.project_service:open_project:156 | Project opened
2026-07-07 00:02:54.280 | INFO     | services.project_service:open_project:156 | Project opened
2026-07-07 00:02:54.287 | INFO     | services.project_service:open_project:156 | Project opened
2026-07-07 00:02:54.294 | INFO     | services.project_service:open_project:156 | Project opened
2026-07-07 00:02:54.303 | INFO     | services.project_service:open_project:156 | Project opened
2026-07-07 00:02:54.310 | INFO     | services.project_service:open_project:156 | Project opened
2026-07-07 00:02:54.321 | INFO     | services.project_service:open_project:156 | Project opened
2026-07-07 00:02:54.328 | INFO     | services.project_service:open_project:156 | Project opened
2026-07-07 00:02:54.334 | INFO     | services.project_service:open_project:156 | Project opened
2026-07-07 00:02:54.344 | INFO     | services.project_service:open_project:156 | Project opened
2026-07-07 00:02:54.352 | INFO     | services.project_service:open_project:156 | Project opened
2026-07-07 00:02:54.361 | INFO     | services.project_service:open_project:156 | Project opened
2026-07-07 00:02:54.371 | INFO     | services.project_service:open_project:156 | Project opened
2026-07-07 00:02:54.379 | INFO     | services.project_service:open_project:156 | Project opened
2026-07-07 00:02:54.389 | INFO     | services.project_service:open_project:156 | Project opened
2026-07-07 00:02:54.401 | INFO     | services.project_service:open_project:156 | Project opened
2026-07-07 00:02:54.410 | INFO     | services.project_service:open_project:156 | Project opened
2026-07-07 00:02:54.417 | INFO     | services.project_service:open_project:156 | Project opened
2026-07-07 00:02:54.423 | INFO     | services.project_service:open_project:156 | Project opened
2026-07-07 00:02:54.433 | INFO     | services.project_service:open_project:156 | Project opened
2026-07-07 00:02:54.439 | INFO     | services.project_service:open_project:156 | Project opened
2026-07-07 00:02:54.451 | INFO     | services.project_service:open_project:156 | Project opened
2026-07-07 00:02:54.458 | INFO     | services.project_service:open_project:156 | Project opened
2026-07-07 00:02:54.465 | INFO     | services.project_service:open_project:156 | Project opened
2026-07-07 00:02:54.474 | INFO     | services.project_service:open_project:156 | Project opened
2026-07-07 00:02:54.480 | INFO     | services.project_service:open_project:156 | Project opened
2026-07-07 00:02:54.489 | INFO     | services.project_service:open_project:156 | Project opened
2026-07-07 00:02:54.495 | INFO     | services.project_service:open_project:156 | Project opened
2026-07-07 00:02:54.501 | INFO     | services.project_service:open_project:156 | Project opened
2026-07-07 00:37:56.200 | INFO     | core.logging:setup_logging:67 | Logging system initialized
2026-07-07 00:37:56.200 | INFO     | main:lifespan:35 | Starting GARUDA v1.0.0
2026-07-07 00:37:56.200 | INFO     | main:lifespan:36 | Environment: development
2026-07-07 00:37:56.211 | INFO     | main:lifespan:38 | Database initialized
2026-07-07 00:38:08.020 | INFO     | services.project_service:open_project:156 | Project opened
2026-07-07 00:38:08.041 | INFO     | services.project_service:open_project:156 | Project opened
2026-07-07 00:38:08.061 | INFO     | services.project_service:open_project:156 | Project opened
2026-07-07 00:38:08.074 | INFO     | services.project_service:open_project:156 | Project opened
2026-07-07 00:38:08.123 | INFO     | services.project_service:open_project:156 | Project opened
2026-07-07 00:38:08.149 | INFO     | services.project_service:open_project:156 | Project opened
2026-07-07 00:38:08.167 | INFO     | services.project_service:open_project:156 | Project opened
2026-07-07 00:38:08.184 | INFO     | services.project_service:open_project:156 | Project opened
2026-07-07 00:38:08.200 | INFO     | services.project_service:open_project:156 | Project opened
2026-07-07 00:38:08.212 | INFO     | services.project_service:open_project:156 | Project opened
2026-07-07 00:38:08.223 | INFO     | services.project_service:open_project:156 | Project opened
2026-07-07 00:38:08.238 | INFO     | services.project_service:open_project:156 | Project opened
2026-07-07 00:38:08.253 | INFO     | services.project_service:open_project:156 | Project opened
2026-07-07 00:38:08.268 | INFO     | services.project_service:open_project:156 | Project opened
2026-07-07 00:38:08.282 | INFO     | services.project_service:open_project:156 | Project opened
2026-07-07 00:38:08.293 | INFO     | services.project_service:open_project:156 | Project opened
2026-07-07 00:38:08.309 | INFO     | services.project_service:open_project:156 | Project opened
2026-07-07 00:38:08.323 | INFO     | services.project_service:open_project:156 | Project opened
2026-07-07 00:38:08.338 | INFO     | services.project_service:open_project:156 | Project opened
2026-07-07 00:38:08.352 | INFO     | services.project_service:open_project:156 | Project opened
2026-07-07 00:38:08.367 | INFO     | services.project_service:open_project:156 | Project opened
2026-07-07 00:38:08.383 | INFO     | services.project_service:open_project:156 | Project opened
2026-07-07 00:38:08.401 | INFO     | services.project_service:open_project:156 | Project opened
2026-07-07 00:38:08.415 | INFO     | services.project_service:open_project:156 | Project opened
2026-07-07 00:38:08.429 | INFO     | services.project_service:open_project:156 | Project opened
2026-07-07 00:38:08.441 | INFO     | services.project_service:open_project:156 | Project opened
2026-07-07 00:38:08.458 | INFO     | services.project_service:open_project:156 | Project opened
2026-07-07 00:38:08.471 | INFO     | services.project_service:open_project:156 | Project opened
2026-07-07 00:38:08.485 | INFO     | services.project_service:open_project:156 | Project opened
2026-07-07 00:38:08.498 | INFO     | services.project_service:open_project:156 | Project opened
2026-07-07 00:38:08.511 | INFO     | services.project_service:open_project:156 | Project opened
2026-07-07 00:38:08.525 | INFO     | services.project_service:open_project:156 | Project opened
2026-07-07 00:38:08.537 | INFO     | services.project_service:open_project:156 | Project opened
2026-07-07 00:38:08.553 | INFO     | services.project_service:open_project:156 | Project opened
2026-07-07 00:38:08.568 | INFO     | services.project_service:open_project:156 | Project opened
2026-07-07 00:38:08.580 | INFO     | services.project_service:open_project:156 | Project opened
2026-07-07 00:38:08.594 | INFO     | services.project_service:open_project:156 | Project opened
2026-07-07 00:38:08.608 | INFO     | services.project_service:open_project:156 | Project opened
2026-07-07 00:38:08.624 | INFO     | services.project_service:open_project:156 | Project opened
2026-07-07 00:38:08.637 | INFO     | services.project_service:open_project:156 | Project opened
2026-07-07 00:38:08.647 | INFO     | services.project_service:open_project:156 | Project opened
2026-07-07 00:38:08.665 | INFO     | services.project_service:open_project:156 | Project opened
2026-07-07 00:38:08.678 | INFO     | services.project_service:open_project:156 | Project opened
2026-07-07 00:38:08.696 | INFO     | services.project_service:open_project:156 | Project opened
2026-07-07 00:38:08.709 | INFO     | services.project_service:open_project:156 | Project opened
2026-07-07 00:38:08.720 | INFO     | services.project_service:open_project:156 | Project opened
2026-07-07 00:38:08.732 | INFO     | services.project_service:open_project:156 | Project opened
2026-07-07 00:38:08.743 | INFO     | services.project_service:open_project:156 | Project opened
2026-07-07 00:38:08.756 | INFO     | services.project_service:open_project:156 | Project opened
2026-07-07 00:38:08.774 | INFO     | services.project_service:open_project:156 | Project opened
2026-07-07 00:38:08.784 | INFO     | services.project_service:open_project:156 | Project opened
2026-07-07 00:38:08.799 | INFO     | services.project_service:open_project:156 | Project opened
2026-07-07 00:38:08.810 | INFO     | services.project_service:open_project:156 | Project opened
2026-07-07 00:38:08.822 | INFO     | services.project_service:open_project:156 | Project opened
2026-07-07 00:38:08.835 | INFO     | services.project_service:open_project:156 | Project opened
2026-07-07 00:38:08.842 | INFO     | services.project_service:open_project:156 | Project opened
2026-07-07 00:38:08.856 | INFO     | services.project_service:open_project:156 | Project opened
2026-07-07 00:38:08.874 | INFO     | services.project_service:open_project:156 | Project opened
2026-07-07 00:38:08.888 | INFO     | services.project_service:open_project:156 | Project opened
2026-07-07 00:38:08.899 | INFO     | services.project_service:open_project:156 | Project opened
2026-07-07 00:38:08.912 | INFO     | services.project_service:open_project:156 | Project opened
2026-07-07 00:38:08.924 | INFO     | services.project_service:open_project:156 | Project opened
2026-07-07 00:38:08.934 | INFO     | services.project_service:open_project:156 | Project opened
2026-07-07 00:38:08.943 | INFO     | services.project_service:open_project:156 | Project opened
2026-07-07 00:38:08.956 | INFO     | services.project_service:open_project:156 | Project opened
2026-07-07 00:38:08.963 | INFO     | services.project_service:open_project:156 | Project opened
2026-07-07 00:38:08.978 | INFO     | services.project_service:open_project:156 | Project opened
2026-07-07 00:38:08.994 | INFO     | services.project_service:open_project:156 | Project opened
2026-07-07 00:38:09.007 | INFO     | services.project_service:open_project:156 | Project opened
2026-07-07 00:38:09.017 | INFO     | services.project_service:open_project:156 | Project opened
2026-07-07 00:38:09.036 | INFO     | services.project_service:open_project:156 | Project opened
2026-07-07 00:38:09.045 | INFO     | services.project_service:open_project:156 | Project opened
2026-07-07 00:38:09.057 | INFO     | services.project_service:open_project:156 | Project opened
2026-07-07 00:38:09.071 | INFO     | services.project_service:open_project:156 | Project opened
2026-07-07 00:38:09.083 | INFO     | services.project_service:open_project:156 | Project opened
2026-07-07 00:38:09.096 | INFO     | services.project_service:open_project:156 | Project opened
2026-07-07 00:38:09.105 | INFO     | services.project_service:open_project:156 | Project opened
2026-07-07 00:38:09.119 | INFO     | services.project_service:open_project:156 | Project opened
2026-07-07 00:38:09.131 | INFO     | services.project_service:open_project:156 | Project opened
2026-07-07 00:38:09.149 | INFO     | services.project_service:open_project:156 | Project opened
2026-07-07 00:38:09.163 | INFO     | services.project_service:open_project:156 | Project opened
2026-07-07 00:38:09.174 | INFO     | services.project_service:open_project:156 | Project opened
2026-07-07 00:38:09.186 | INFO     | services.project_service:open_project:156 | Project opened
2026-07-07 00:38:09.205 | INFO     | services.project_service:open_project:156 | Project opened
2026-07-07 00:38:09.220 | INFO     | services.project_service:open_project:156 | Project opened
2026-07-07 00:38:09.233 | INFO     | services.project_service:open_project:156 | Project opened
2026-07-07 00:38:09.248 | INFO     | services.project_service:open_project:156 | Project opened
2026-07-07 00:38:09.264 | INFO     | services.project_service:open_project:156 | Project opened
2026-07-07 00:38:09.277 | INFO     | services.project_service:open_project:156 | Project opened
2026-07-07 00:38:09.294 | INFO     | services.project_service:open_project:156 | Project opened
2026-07-07 00:38:09.311 | INFO     | services.project_service:open_project:156 | Project opened
2026-07-07 00:38:09.321 | INFO     | services.project_service:open_project:156 | Project opened
2026-07-07 00:38:09.331 | INFO     | services.project_service:open_project:156 | Project opened
2026-07-07 00:38:09.342 | INFO     | services.project_service:open_project:156 | Project opened
2026-07-07 00:38:09.370 | INFO     | services.project_service:open_project:156 | Project opened
2026-07-07 00:38:09.394 | INFO     | services.project_service:open_project:156 | Project opened
2026-07-07 00:38:09.403 | INFO     | services.project_service:open_project:156 | Project opened
2026-07-07 00:38:09.416 | INFO     | services.project_service:open_project:156 | Project opened
2026-07-07 00:38:09.429 | INFO     | services.project_service:open_project:156 | Project opened
2026-07-07 00:38:09.440 | INFO     | services.project_service:open_project:156 | Project opened
2026-07-07 00:38:09.448 | INFO     | services.project_service:open_project:156 | Project opened
2026-07-07 00:38:09.464 | INFO     | services.project_service:open_project:156 | Project opened
2026-07-07 00:38:09.474 | INFO     | services.project_service:open_project:156 | Project opened
2026-07-07 00:38:09.486 | INFO     | services.project_service:open_project:156 | Project opened
2026-07-07 00:38:09.501 | INFO     | services.project_service:open_project:156 | Project opened
2026-07-07 00:38:09.516 | INFO     | services.project_service:open_project:156 | Project opened
2026-07-07 20:48:09.660 | INFO     | core.logging:setup_logging:67 | Logging system initialized
2026-07-07 20:48:09.667 | INFO     | main:lifespan:35 | Starting GARUDA v1.0.0
2026-07-07 20:48:09.668 | INFO     | main:lifespan:36 | Environment: development
2026-07-07 20:48:09.704 | INFO     | main:lifespan:38 | Database initialized
2026-07-07 20:59:28.242 | INFO     | core.logging:setup_logging:67 | Logging system initialized
2026-07-07 20:59:28.247 | INFO     | main:lifespan:35 | Starting GARUDA v1.0.0
2026-07-07 20:59:28.248 | INFO     | main:lifespan:36 | Environment: development
2026-07-07 20:59:28.272 | INFO     | main:lifespan:38 | Database initialized
2026-07-07 20:59:29.917 | INFO     | main:lifespan:42 | Shutting down GARUDA
2026-07-07 20:59:30.656 | INFO     | core.logging:setup_logging:67 | Logging system initialized
2026-07-07 20:59:30.658 | INFO     | main:lifespan:35 | Starting GARUDA v1.0.0
2026-07-07 20:59:30.659 | INFO     | main:lifespan:36 | Environment: development
2026-07-07 20:59:30.667 | INFO     | main:lifespan:38 | Database initialized
2026-07-07 20:59:31.297 | INFO     | main:lifespan:42 | Shutting down GARUDA
2026-07-07 20:59:32.153 | INFO     | core.logging:setup_logging:67 | Logging system initialized
2026-07-07 20:59:32.157 | INFO     | main:lifespan:35 | Starting GARUDA v1.0.0
2026-07-07 20:59:32.158 | INFO     | main:lifespan:36 | Environment: development
2026-07-07 20:59:32.168 | INFO     | main:lifespan:38 | Database initialized
2026-07-07 20:59:32.884 | INFO     | main:lifespan:42 | Shutting down GARUDA
2026-07-07 20:59:33.658 | INFO     | core.logging:setup_logging:67 | Logging system initialized
2026-07-07 20:59:33.665 | INFO     | main:lifespan:35 | Starting GARUDA v1.0.0
2026-07-07 20:59:33.667 | INFO     | main:lifespan:36 | Environment: development
2026-07-07 20:59:33.676 | INFO     | main:lifespan:38 | Database initialized
2026-07-07 20:59:34.362 | INFO     | main:lifespan:42 | Shutting down GARUDA
2026-07-07 20:59:35.103 | INFO     | core.logging:setup_logging:67 | Logging system initialized
2026-07-07 20:59:35.106 | INFO     | main:lifespan:35 | Starting GARUDA v1.0.0
2026-07-07 20:59:35.107 | INFO     | main:lifespan:36 | Environment: development
2026-07-07 20:59:35.114 | INFO     | main:lifespan:38 | Database initialized
2026-07-07 20:59:35.843 | INFO     | main:lifespan:42 | Shutting down GARUDA
2026-07-07 20:59:36.826 | INFO     | core.logging:setup_logging:67 | Logging system initialized
2026-07-07 20:59:36.830 | INFO     | main:lifespan:35 | Starting GARUDA v1.0.0
2026-07-07 20:59:36.831 | INFO     | main:lifespan:36 | Environment: development
2026-07-07 20:59:36.857 | INFO     | main:lifespan:38 | Database initialized
2026-07-07 20:59:37.500 | INFO     | main:lifespan:42 | Shutting down GARUDA
2026-07-07 20:59:38.228 | INFO     | core.logging:setup_logging:67 | Logging system initialized
2026-07-07 20:59:38.231 | INFO     | main:lifespan:35 | Starting GARUDA v1.0.0
2026-07-07 20:59:38.231 | INFO     | main:lifespan:36 | Environment: development
2026-07-07 20:59:38.242 | INFO     | main:lifespan:38 | Database initialized
2026-07-07 20:59:38.868 | INFO     | main:lifespan:42 | Shutting down GARUDA
2026-07-07 20:59:39.613 | INFO     | core.logging:setup_logging:67 | Logging system initialized
2026-07-07 20:59:39.613 | INFO     | main:lifespan:35 | Starting GARUDA v1.0.0
2026-07-07 20:59:39.613 | INFO     | main:lifespan:36 | Environment: development
2026-07-07 20:59:39.631 | INFO     | main:lifespan:38 | Database initialized
2026-07-07 20:59:40.262 | INFO     | main:lifespan:42 | Shutting down GARUDA
2026-07-07 20:59:41.063 | INFO     | core.logging:setup_logging:67 | Logging system initialized
2026-07-07 20:59:41.066 | INFO     | main:lifespan:35 | Starting GARUDA v1.0.0
2026-07-07 20:59:41.067 | INFO     | main:lifespan:36 | Environment: development
2026-07-07 20:59:41.085 | INFO     | main:lifespan:38 | Database initialized
2026-07-07 20:59:41.729 | INFO     | main:lifespan:42 | Shutting down GARUDA
2026-07-07 20:59:42.479 | INFO     | core.logging:setup_logging:67 | Logging system initialized
2026-07-07 20:59:42.482 | INFO     | main:lifespan:35 | Starting GARUDA v1.0.0
2026-07-07 20:59:42.482 | INFO     | main:lifespan:36 | Environment: development
2026-07-07 20:59:42.492 | INFO     | main:lifespan:38 | Database initialized
2026-07-07 20:59:42.627 | INFO     | main:lifespan:42 | Shutting down GARUDA
2026-07-07 20:59:43.334 | INFO     | core.logging:setup_logging:67 | Logging system initialized
2026-07-07 20:59:43.339 | INFO     | main:lifespan:35 | Starting GARUDA v1.0.0
2026-07-07 20:59:43.339 | INFO     | main:lifespan:36 | Environment: development
2026-07-07 20:59:43.347 | INFO     | main:lifespan:38 | Database initialized
2026-07-07 20:59:44.097 | INFO     | main:lifespan:42 | Shutting down GARUDA
2026-07-07 20:59:44.942 | INFO     | core.logging:setup_logging:67 | Logging system initialized
2026-07-07 20:59:44.946 | INFO     | main:lifespan:35 | Starting GARUDA v1.0.0
2026-07-07 20:59:44.946 | INFO     | main:lifespan:36 | Environment: development
2026-07-07 20:59:44.960 | INFO     | main:lifespan:38 | Database initialized
2026-07-07 20:59:45.639 | INFO     | main:lifespan:42 | Shutting down GARUDA
2026-07-07 20:59:46.390 | INFO     | core.logging:setup_logging:67 | Logging system initialized
2026-07-07 20:59:46.394 | INFO     | main:lifespan:35 | Starting GARUDA v1.0.0
2026-07-07 20:59:46.394 | INFO     | main:lifespan:36 | Environment: development
2026-07-07 20:59:46.402 | INFO     | main:lifespan:38 | Database initialized
2026-07-07 20:59:47.012 | INFO     | main:lifespan:42 | Shutting down GARUDA
2026-07-07 21:23:15.259 | INFO     | core.logging:setup_logging:67 | Logging system initialized
2026-07-07 21:23:15.263 | INFO     | main:lifespan:35 | Starting GARUDA v1.0.0
2026-07-07 21:23:15.264 | INFO     | main:lifespan:36 | Environment: development
2026-07-07 21:23:15.285 | INFO     | main:lifespan:38 | Database initialized
2026-07-07 21:23:29.052 | INFO     | services.project_service:open_project:156 | Project opened
2026-07-07 21:23:29.072 | INFO     | services.project_service:open_project:156 | Project opened
2026-07-07 21:23:29.081 | INFO     | services.project_service:open_project:156 | Project opened
2026-07-07 21:23:29.103 | INFO     | services.project_service:open_project:156 | Project opened
2026-07-07 21:23:29.124 | INFO     | services.project_service:open_project:156 | Project opened
2026-07-07 21:23:29.142 | INFO     | services.project_service:open_project:156 | Project opened
2026-07-07 21:23:29.160 | INFO     | services.project_service:open_project:156 | Project opened
2026-07-07 21:23:29.173 | INFO     | services.project_service:open_project:156 | Project opened
2026-07-07 21:23:29.181 | INFO     | services.project_service:open_project:156 | Project opened
2026-07-07 21:23:29.187 | INFO     | services.project_service:open_project:156 | Project opened
2026-07-07 21:23:29.193 | INFO     | services.project_service:open_project:156 | Project opened
2026-07-07 21:23:29.204 | INFO     | services.project_service:open_project:156 | Project opened
2026-07-07 21:23:29.218 | INFO     | services.project_service:open_project:156 | Project opened
2026-07-07 21:23:29.226 | INFO     | services.project_service:open_project:156 | Project opened
2026-07-07 21:23:29.233 | INFO     | services.project_service:open_project:156 | Project opened
2026-07-07 21:23:29.233 | INFO     | services.project_service:open_project:156 | Project opened
2026-07-07 21:23:29.245 | INFO     | services.project_service:open_project:156 | Project opened
2026-07-07 21:23:29.260 | INFO     | services.project_service:open_project:156 | Project opened
2026-07-07 21:23:29.268 | INFO     | services.project_service:open_project:156 | Project opened
2026-07-07 21:23:29.276 | INFO     | services.project_service:open_project:156 | Project opened
2026-07-07 21:23:29.284 | INFO     | services.project_service:open_project:156 | Project opened
2026-07-07 21:23:29.292 | INFO     | services.project_service:open_project:156 | Project opened
2026-07-07 21:23:29.300 | INFO     | services.project_service:open_project:156 | Project opened
2026-07-07 21:23:29.311 | INFO     | services.project_service:open_project:156 | Project opened
2026-07-07 21:23:29.317 | INFO     | services.project_service:open_project:156 | Project opened
2026-07-07 21:23:29.327 | INFO     | services.project_service:open_project:156 | Project opened
2026-07-07 21:23:29.333 | INFO     | services.project_service:open_project:156 | Project opened
2026-07-07 21:23:29.346 | INFO     | services.project_service:open_project:156 | Project opened
2026-07-07 21:23:29.351 | INFO     | services.project_service:open_project:156 | Project opened
2026-07-07 21:23:29.364 | INFO     | services.project_service:open_project:156 | Project opened
2026-07-07 21:23:29.373 | INFO     | services.project_service:open_project:156 | Project opened
2026-07-07 21:23:29.383 | INFO     | services.project_service:open_project:156 | Project opened
2026-07-07 21:23:29.391 | INFO     | services.project_service:open_project:156 | Project opened
2026-07-07 21:23:29.403 | INFO     | services.project_service:open_project:156 | Project opened
2026-07-07 21:23:29.413 | INFO     | services.project_service:open_project:156 | Project opened
2026-07-07 21:23:29.423 | INFO     | services.project_service:open_project:156 | Project opened
2026-07-07 21:23:29.439 | INFO     | services.project_service:open_project:156 | Project opened
2026-07-07 21:23:29.452 | INFO     | services.project_service:open_project:156 | Project opened
2026-07-07 21:23:29.461 | INFO     | services.project_service:open_project:156 | Project opened
2026-07-07 21:23:29.467 | INFO     | services.project_service:open_project:156 | Project opened
2026-07-07 21:23:29.485 | INFO     | services.project_service:open_project:156 | Project opened
2026-07-07 21:23:29.494 | INFO     | services.project_service:open_project:156 | Project opened
2026-07-07 21:23:29.503 | INFO     | services.project_service:open_project:156 | Project opened
2026-07-07 21:23:29.508 | INFO     | services.project_service:open_project:156 | Project opened
2026-07-07 21:23:29.519 | INFO     | services.project_service:open_project:156 | Project opened
2026-07-07 21:23:29.528 | INFO     | services.project_service:open_project:156 | Project opened
2026-07-07 21:23:29.534 | INFO     | services.project_service:open_project:156 | Project opened
2026-07-07 21:23:29.543 | INFO     | services.project_service:open_project:156 | Project opened
2026-07-07 21:23:29.554 | INFO     | services.project_service:open_project:156 | Project opened
2026-07-07 21:23:29.560 | INFO     | services.project_service:open_project:156 | Project opened
2026-07-07 21:23:29.571 | INFO     | services.project_service:open_project:156 | Project opened
2026-07-07 21:23:29.582 | INFO     | services.project_service:open_project:156 | Project opened
2026-07-07 21:23:29.592 | INFO     | services.project_service:open_project:156 | Project opened
2026-07-07 21:23:29.600 | INFO     | services.project_service:open_project:156 | Project opened
2026-07-07 21:23:29.610 | INFO     | services.project_service:open_project:156 | Project opened
2026-07-07 21:23:29.615 | INFO     | services.project_service:open_project:156 | Project opened
2026-07-07 21:23:29.621 | INFO     | services.project_service:open_project:156 | Project opened
2026-07-07 21:23:29.635 | INFO     | services.project_service:open_project:156 | Project opened
2026-07-07 21:23:29.646 | INFO     | services.project_service:open_project:156 | Project opened
2026-07-07 21:23:29.656 | INFO     | services.project_service:open_project:156 | Project opened
2026-07-07 21:23:29.662 | INFO     | services.project_service:open_project:156 | Project opened
2026-07-07 21:23:29.668 | INFO     | services.project_service:open_project:156 | Project opened
2026-07-07 21:23:29.678 | INFO     | services.project_service:open_project:156 | Project opened
2026-07-07 21:23:29.686 | INFO     | services.project_service:open_project:156 | Project opened
2026-07-07 21:23:29.699 | INFO     | services.project_service:open_project:156 | Project opened
2026-07-07 21:23:29.710 | INFO     | services.project_service:open_project:156 | Project opened
2026-07-07 21:23:29.720 | INFO     | services.project_service:open_project:156 | Project opened
2026-07-07 21:23:29.737 | INFO     | services.project_service:open_project:156 | Project opened
2026-07-07 21:23:29.748 | INFO     | services.project_service:open_project:156 | Project opened
2026-07-07 21:23:29.761 | INFO     | services.project_service:open_project:156 | Project opened
2026-07-07 21:23:29.769 | INFO     | services.project_service:open_project:156 | Project opened
2026-07-07 21:23:29.781 | INFO     | services.project_service:open_project:156 | Project opened
2026-07-07 21:23:29.788 | INFO     | services.project_service:open_project:156 | Project opened
2026-07-07 21:23:29.793 | INFO     | services.project_service:open_project:156 | Project opened
2026-07-07 21:23:29.809 | INFO     | services.project_service:open_project:156 | Project opened
2026-07-07 21:23:29.822 | INFO     | services.project_service:open_project:156 | Project opened
2026-07-07 21:23:29.832 | INFO     | services.project_service:open_project:156 | Project opened
2026-07-07 21:23:29.849 | INFO     | services.project_service:open_project:156 | Project opened
2026-07-07 21:23:29.860 | INFO     | services.project_service:open_project:156 | Project opened
2026-07-07 21:23:29.868 | INFO     | services.project_service:open_project:156 | Project opened
2026-07-07 21:23:29.881 | INFO     | services.project_service:open_project:156 | Project opened
2026-07-07 21:23:29.892 | INFO     | services.project_service:open_project:156 | Project opened
2026-07-07 21:23:29.900 | INFO     | services.project_service:open_project:156 | Project opened
2026-07-07 21:23:29.918 | INFO     | services.project_service:open_project:156 | Project opened
2026-07-07 21:23:29.925 | INFO     | services.project_service:open_project:156 | Project opened
2026-07-07 21:23:29.933 | INFO     | services.project_service:open_project:156 | Project opened
2026-07-07 21:23:29.945 | INFO     | services.project_service:open_project:156 | Project opened
2026-07-07 21:23:29.955 | INFO     | services.project_service:open_project:156 | Project opened
2026-07-07 21:23:29.968 | INFO     | services.project_service:open_project:156 | Project opened
2026-07-07 21:23:29.975 | INFO     | services.project_service:open_project:156 | Project opened
2026-07-07 21:23:29.988 | INFO     | services.project_service:open_project:156 | Project opened
2026-07-07 21:23:30.001 | INFO     | services.project_service:open_project:156 | Project opened
2026-07-07 21:23:30.014 | INFO     | services.project_service:open_project:156 | Project opened
2026-07-07 21:23:30.025 | INFO     | services.project_service:open_project:156 | Project opened
2026-07-07 21:23:30.035 | INFO     | services.project_service:open_project:156 | Project opened
2026-07-07 21:23:30.044 | INFO     | services.project_service:open_project:156 | Project opened
2026-07-07 21:23:30.056 | INFO     | services.project_service:open_project:156 | Project opened
2026-07-07 21:23:30.070 | INFO     | services.project_service:open_project:156 | Project opened
2026-07-07 21:23:30.079 | INFO     | services.project_service:open_project:156 | Project opened
2026-07-07 21:23:30.089 | INFO     | services.project_service:open_project:156 | Project opened
2026-07-07 21:23:30.097 | INFO     | services.project_service:open_project:156 | Project opened
2026-07-07 21:23:30.104 | INFO     | services.project_service:open_project:156 | Project opened
2026-07-07 21:23:30.115 | INFO     | services.project_service:open_project:156 | Project opened
2026-07-07 21:23:30.123 | INFO     | services.project_service:open_project:156 | Project opened
2026-07-07 21:23:30.129 | INFO     | services.project_service:open_project:156 | Project opened
2026-07-07 21:23:30.136 | INFO     | services.project_service:open_project:156 | Project opened
2026-07-07 22:41:25.717 | INFO     | core.logging:setup_logging:67 | Logging system initialized
2026-07-07 22:41:25.720 | INFO     | main:lifespan:35 | Starting GARUDA v1.0.0
2026-07-07 22:41:25.721 | INFO     | main:lifespan:36 | Environment: development
2026-07-07 22:41:25.755 | INFO     | main:lifespan:38 | Database initialized
2026-07-07 22:41:35.912 | INFO     | services.project_service:open_project:156 | Project opened
2026-07-07 22:41:35.929 | INFO     | services.project_service:open_project:156 | Project opened
2026-07-07 22:41:35.946 | INFO     | services.project_service:open_project:156 | Project opened
2026-07-07 22:41:35.957 | INFO     | services.project_service:open_project:156 | Project opened
2026-07-07 22:41:35.984 | INFO     | services.project_service:open_project:156 | Project opened
2026-07-07 22:41:36.007 | INFO     | services.project_service:open_project:156 | Project opened
2026-07-07 22:41:36.035 | INFO     | services.project_service:open_project:156 | Project opened
2026-07-07 22:41:36.054 | INFO     | services.project_service:open_project:156 | Project opened
2026-07-07 22:41:36.066 | INFO     | services.project_service:open_project:156 | Project opened
2026-07-07 22:41:36.076 | INFO     | services.project_service:open_project:156 | Project opened
2026-07-07 22:41:36.087 | INFO     | services.project_service:open_project:156 | Project opened
2026-07-07 22:41:36.101 | INFO     | services.project_service:open_project:156 | Project opened
2026-07-07 22:41:36.114 | INFO     | services.project_service:open_project:156 | Project opened
2026-07-07 22:41:36.130 | INFO     | services.project_service:open_project:156 | Project opened
2026-07-07 22:41:36.142 | INFO     | services.project_service:open_project:156 | Project opened
2026-07-07 22:41:36.157 | INFO     | services.project_service:open_project:156 | Project opened
2026-07-07 22:41:36.170 | INFO     | services.project_service:open_project:156 | Project opened
2026-07-07 22:41:36.185 | INFO     | services.project_service:open_project:156 | Project opened
2026-07-07 22:41:36.202 | INFO     | services.project_service:open_project:156 | Project opened
2026-07-07 22:41:36.223 | INFO     | services.project_service:open_project:156 | Project opened
2026-07-07 22:41:36.237 | INFO     | services.project_service:open_project:156 | Project opened
2026-07-07 22:41:36.247 | INFO     | services.project_service:open_project:156 | Project opened
2026-07-07 22:41:36.260 | INFO     | services.project_service:open_project:156 | Project opened
2026-07-07 22:41:36.275 | INFO     | services.project_service:open_project:156 | Project opened
2026-07-07 22:41:36.290 | INFO     | services.project_service:open_project:156 | Project opened
2026-07-07 22:41:36.301 | INFO     | services.project_service:open_project:156 | Project opened
2026-07-07 22:41:36.315 | INFO     | services.project_service:open_project:156 | Project opened
2026-07-07 22:41:36.325 | INFO     | services.project_service:open_project:156 | Project opened
2026-07-07 22:41:36.338 | INFO     | services.project_service:open_project:156 | Project opened
2026-07-07 22:41:36.347 | INFO     | services.project_service:open_project:156 | Project opened
2026-07-07 22:41:36.359 | INFO     | services.project_service:open_project:156 | Project opened
2026-07-07 22:41:36.368 | INFO     | services.project_service:open_project:156 | Project opened
2026-07-07 22:41:36.378 | INFO     | services.project_service:open_project:156 | Project opened
2026-07-07 22:41:36.388 | INFO     | services.project_service:open_project:156 | Project opened
2026-07-07 22:41:36.400 | INFO     | services.project_service:open_project:156 | Project opened
2026-07-07 22:41:36.411 | INFO     | services.project_service:open_project:156 | Project opened
2026-07-07 22:41:36.422 | INFO     | services.project_service:open_project:156 | Project opened
2026-07-07 22:41:36.437 | INFO     | services.project_service:open_project:156 | Project opened
2026-07-07 22:41:36.455 | INFO     | services.project_service:open_project:156 | Project opened
2026-07-07 22:41:36.480 | INFO     | services.project_service:open_project:156 | Project opened
2026-07-07 22:41:36.498 | INFO     | services.project_service:open_project:156 | Project opened
2026-07-07 22:41:36.520 | INFO     | services.project_service:open_project:156 | Project opened
2026-07-07 22:41:36.532 | INFO     | services.project_service:open_project:156 | Project opened
2026-07-07 22:41:36.552 | INFO     | services.project_service:open_project:156 | Project opened
2026-07-07 22:41:36.588 | INFO     | services.project_service:open_project:156 | Project opened
2026-07-07 22:41:36.614 | INFO     | services.project_service:open_project:156 | Project opened
2026-07-07 22:41:36.632 | INFO     | services.project_service:open_project:156 | Project opened
2026-07-07 22:41:36.654 | INFO     | services.project_service:open_project:156 | Project opened
2026-07-07 22:41:36.668 | INFO     | services.project_service:open_project:156 | Project opened
2026-07-07 22:41:36.686 | INFO     | services.project_service:open_project:156 | Project opened
2026-07-07 22:41:36.704 | INFO     | services.project_service:open_project:156 | Project opened
2026-07-07 22:41:36.736 | INFO     | services.project_service:open_project:156 | Project opened
2026-07-07 22:41:36.752 | INFO     | services.project_service:open_project:156 | Project opened
2026-07-07 22:41:36.770 | INFO     | services.project_service:open_project:156 | Project opened
2026-07-07 22:41:36.782 | INFO     | services.project_service:open_project:156 | Project opened
2026-07-07 22:41:36.794 | INFO     | services.project_service:open_project:156 | Project opened
2026-07-07 22:41:36.807 | INFO     | services.project_service:open_project:156 | Project opened
2026-07-07 22:41:36.819 | INFO     | services.project_service:open_project:156 | Project opened
2026-07-07 22:41:36.830 | INFO     | services.project_service:open_project:156 | Project opened
2026-07-07 22:41:36.844 | INFO     | services.project_service:open_project:156 | Project opened
2026-07-07 22:41:36.853 | INFO     | services.project_service:open_project:156 | Project opened
2026-07-07 22:41:36.864 | INFO     | services.project_service:open_project:156 | Project opened
2026-07-07 22:41:36.873 | INFO     | services.project_service:open_project:156 | Project opened
2026-07-07 22:41:36.886 | INFO     | services.project_service:open_project:156 | Project opened
2026-07-07 22:41:36.900 | INFO     | services.project_service:open_project:156 | Project opened
2026-07-07 22:41:36.911 | INFO     | services.project_service:open_project:156 | Project opened
2026-07-07 22:41:36.921 | INFO     | services.project_service:open_project:156 | Project opened
2026-07-07 22:41:36.930 | INFO     | services.project_service:open_project:156 | Project opened
2026-07-07 22:41:36.943 | INFO     | services.project_service:open_project:156 | Project opened
2026-07-07 22:41:36.957 | INFO     | services.project_service:open_project:156 | Project opened
2026-07-07 22:41:36.968 | INFO     | services.project_service:open_project:156 | Project opened
2026-07-07 22:41:36.980 | INFO     | services.project_service:open_project:156 | Project opened
2026-07-07 22:41:36.992 | INFO     | services.project_service:open_project:156 | Project opened
2026-07-07 22:41:37.004 | INFO     | services.project_service:open_project:156 | Project opened
2026-07-07 22:41:37.017 | INFO     | services.project_service:open_project:156 | Project opened
2026-07-07 22:41:37.027 | INFO     | services.project_service:open_project:156 | Project opened
2026-07-07 22:41:37.037 | INFO     | services.project_service:open_project:156 | Project opened
2026-07-07 22:41:37.046 | INFO     | services.project_service:open_project:156 | Project opened
2026-07-07 22:41:37.058 | INFO     | services.project_service:open_project:156 | Project opened
2026-07-07 22:41:37.070 | INFO     | services.project_service:open_project:156 | Project opened
2026-07-07 22:41:37.081 | INFO     | services.project_service:open_project:156 | Project opened
2026-07-07 22:41:37.093 | INFO     | services.project_service:open_project:156 | Project opened
2026-07-07 22:41:37.105 | INFO     | services.project_service:open_project:156 | Project opened
2026-07-07 22:41:37.118 | INFO     | services.project_service:open_project:156 | Project opened
2026-07-07 22:41:37.131 | INFO     | services.project_service:open_project:156 | Project opened
2026-07-07 22:41:37.148 | INFO     | services.project_service:open_project:156 | Project opened
2026-07-07 22:41:37.161 | INFO     | services.project_service:open_project:156 | Project opened
2026-07-07 22:41:37.174 | INFO     | services.project_service:open_project:156 | Project opened
2026-07-07 22:41:37.190 | INFO     | services.project_service:open_project:156 | Project opened
2026-07-07 22:41:37.202 | INFO     | services.project_service:open_project:156 | Project opened
2026-07-07 22:41:37.216 | INFO     | services.project_service:open_project:156 | Project opened
2026-07-07 22:41:37.238 | INFO     | services.project_service:open_project:156 | Project opened
2026-07-07 22:41:37.251 | INFO     | services.project_service:open_project:156 | Project opened
2026-07-07 22:41:37.268 | INFO     | services.project_service:open_project:156 | Project opened
2026-07-07 22:41:37.283 | INFO     | services.project_service:open_project:156 | Project opened
2026-07-07 22:41:37.297 | INFO     | services.project_service:open_project:156 | Project opened
2026-07-07 22:41:37.307 | INFO     | services.project_service:open_project:156 | Project opened
2026-07-07 22:41:37.324 | INFO     | services.project_service:open_project:156 | Project opened
2026-07-07 22:41:37.336 | INFO     | services.project_service:open_project:156 | Project opened
2026-07-07 22:41:37.345 | INFO     | services.project_service:open_project:156 | Project opened
2026-07-07 22:41:37.356 | INFO     | services.project_service:open_project:156 | Project opened
2026-07-07 22:41:37.366 | INFO     | services.project_service:open_project:156 | Project opened
2026-07-07 22:41:37.374 | INFO     | services.project_service:open_project:156 | Project opened
2026-07-07 22:41:37.385 | INFO     | services.project_service:open_project:156 | Project opened
2026-07-07 22:41:37.393 | INFO     | services.project_service:open_project:156 | Project opened
2026-07-07 22:41:37.403 | INFO     | services.project_service:open_project:156 | Project opened
2026-07-07 22:42:26.893 | INFO     | services.project_service:open_project:156 | Project opened
2026-07-07 22:42:26.970 | INFO     | services.project_service:open_project:156 | Project opened
2026-07-07 22:42:26.986 | INFO     | services.project_service:open_project:156 | Project opened
2026-07-07 22:42:26.996 | INFO     | services.project_service:open_project:156 | Project opened
2026-07-07 22:42:27.006 | INFO     | services.project_service:open_project:156 | Project opened
2026-07-07 22:42:27.016 | INFO     | services.project_service:open_project:156 | Project opened
2026-07-07 22:42:27.031 | INFO     | services.project_service:open_project:156 | Project opened
2026-07-07 22:42:27.041 | INFO     | services.project_service:open_project:156 | Project opened
2026-07-07 22:42:27.051 | INFO     | services.project_service:open_project:156 | Project opened
2026-07-07 22:42:27.064 | INFO     | services.project_service:open_project:156 | Project opened
2026-07-07 22:42:27.074 | INFO     | services.project_service:open_project:156 | Project opened
2026-07-07 22:42:27.090 | INFO     | services.project_service:open_project:156 | Project opened
2026-07-07 22:42:27.101 | INFO     | services.project_service:open_project:156 | Project opened
2026-07-07 22:42:27.111 | INFO     | services.project_service:open_project:156 | Project opened
2026-07-07 22:42:27.121 | INFO     | services.project_service:open_project:156 | Project opened
2026-07-07 22:42:27.132 | INFO     | services.project_service:open_project:156 | Project opened
2026-07-07 22:42:27.143 | INFO     | services.project_service:open_project:156 | Project opened
2026-07-07 22:42:27.155 | INFO     | services.project_service:open_project:156 | Project opened
2026-07-07 22:42:27.166 | INFO     | services.project_service:open_project:156 | Project opened
2026-07-07 22:42:27.175 | INFO     | services.project_service:open_project:156 | Project opened
2026-07-07 22:42:27.186 | INFO     | services.project_service:open_project:156 | Project opened
2026-07-07 22:42:27.196 | INFO     | services.project_service:open_project:156 | Project opened
2026-07-07 22:42:27.209 | INFO     | services.project_service:open_project:156 | Project opened
2026-07-07 22:42:27.219 | INFO     | services.project_service:open_project:156 | Project opened
2026-07-07 22:42:27.229 | INFO     | services.project_service:open_project:156 | Project opened
2026-07-07 22:42:27.239 | INFO     | services.project_service:open_project:156 | Project opened
2026-07-07 22:42:27.253 | INFO     | services.project_service:open_project:156 | Project opened
2026-07-07 22:42:27.268 | INFO     | services.project_service:open_project:156 | Project opened
2026-07-07 22:42:27.281 | INFO     | services.project_service:open_project:156 | Project opened
2026-07-07 22:42:27.293 | INFO     | services.project_service:open_project:156 | Project opened
2026-07-07 22:42:27.304 | INFO     | services.project_service:open_project:156 | Project opened
2026-07-07 22:42:27.317 | INFO     | services.project_service:open_project:156 | Project opened
2026-07-07 22:42:27.328 | INFO     | services.project_service:open_project:156 | Project opened
2026-07-07 22:42:27.342 | INFO     | services.project_service:open_project:156 | Project opened
2026-07-07 22:42:27.355 | INFO     | services.project_service:open_project:156 | Project opened
2026-07-07 22:42:27.365 | INFO     | services.project_service:open_project:156 | Project opened
2026-07-07 22:42:27.375 | INFO     | services.project_service:open_project:156 | Project opened
2026-07-07 22:42:27.388 | INFO     | services.project_service:open_project:156 | Project opened
2026-07-07 22:42:27.398 | INFO     | services.project_service:open_project:156 | Project opened
2026-07-07 22:42:27.409 | INFO     | services.project_service:open_project:156 | Project opened
2026-07-07 22:42:27.423 | INFO     | services.project_service:open_project:156 | Project opened
2026-07-07 22:42:27.434 | INFO     | services.project_service:open_project:156 | Project opened
2026-07-07 22:42:27.444 | INFO     | services.project_service:open_project:156 | Project opened
2026-07-07 22:42:27.455 | INFO     | services.project_service:open_project:156 | Project opened
2026-07-07 22:42:27.465 | INFO     | services.project_service:open_project:156 | Project opened
2026-07-07 22:42:27.476 | INFO     | services.project_service:open_project:156 | Project opened
2026-07-07 22:42:27.491 | INFO     | services.project_service:open_project:156 | Project opened
2026-07-07 22:42:27.505 | INFO     | services.project_service:open_project:156 | Project opened
2026-07-07 22:42:27.518 | INFO     | services.project_service:open_project:156 | Project opened
2026-07-07 22:42:27.528 | INFO     | services.project_service:open_project:156 | Project opened
2026-07-07 22:42:27.539 | INFO     | services.project_service:open_project:156 | Project opened
2026-07-07 22:42:27.549 | INFO     | services.project_service:open_project:156 | Project opened
2026-07-07 22:42:27.562 | INFO     | services.project_service:open_project:156 | Project opened
2026-07-07 22:42:27.573 | INFO     | services.project_service:open_project:156 | Project opened
2026-07-07 22:42:27.582 | INFO     | services.project_service:open_project:156 | Project opened
2026-07-07 22:42:27.596 | INFO     | services.project_service:open_project:156 | Project opened
2026-07-07 22:42:27.606 | INFO     | services.project_service:open_project:156 | Project opened
2026-07-07 22:42:27.618 | INFO     | services.project_service:open_project:156 | Project opened
2026-07-07 22:42:27.628 | INFO     | services.project_service:open_project:156 | Project opened
2026-07-07 22:42:27.639 | INFO     | services.project_service:open_project:156 | Project opened
2026-07-07 22:42:27.649 | INFO     | services.project_service:open_project:156 | Project opened
2026-07-07 22:42:27.661 | INFO     | services.project_service:open_project:156 | Project opened
2026-07-07 22:42:27.689 | INFO     | services.project_service:open_project:156 | Project opened
2026-07-07 22:42:27.709 | INFO     | services.project_service:open_project:156 | Project opened
2026-07-07 22:42:27.725 | INFO     | services.project_service:open_project:156 | Project opened
2026-07-07 22:42:27.752 | INFO     | services.project_service:open_project:156 | Project opened
2026-07-07 22:42:27.771 | INFO     | services.project_service:open_project:156 | Project opened
2026-07-07 22:42:27.789 | INFO     | services.project_service:open_project:156 | Project opened
2026-07-07 22:42:27.816 | INFO     | services.project_service:open_project:156 | Project opened
2026-07-07 22:42:27.832 | INFO     | services.project_service:open_project:156 | Project opened
2026-07-07 22:42:27.842 | INFO     | services.project_service:open_project:156 | Project opened
2026-07-07 22:42:27.852 | INFO     | services.project_service:open_project:156 | Project opened
2026-07-07 22:42:27.864 | INFO     | services.project_service:open_project:156 | Project opened
2026-07-07 22:42:27.875 | INFO     | services.project_service:open_project:156 | Project opened
2026-07-07 22:42:27.890 | INFO     | services.project_service:open_project:156 | Project opened
2026-07-07 22:42:27.904 | INFO     | services.project_service:open_project:156 | Project opened
2026-07-07 22:42:27.915 | INFO     | services.project_service:open_project:156 | Project opened
2026-07-07 22:42:27.925 | INFO     | services.project_service:open_project:156 | Project opened
2026-07-07 22:42:27.936 | INFO     | services.project_service:open_project:156 | Project opened
2026-07-07 22:42:27.948 | INFO     | services.project_service:open_project:156 | Project opened
2026-07-07 22:42:27.961 | INFO     | services.project_service:open_project:156 | Project opened
2026-07-07 22:42:27.972 | INFO     | services.project_service:open_project:156 | Project opened
2026-07-07 22:42:27.985 | INFO     | services.project_service:open_project:156 | Project opened
2026-07-07 22:42:27.996 | INFO     | services.project_service:open_project:156 | Project opened
2026-07-07 22:42:28.008 | INFO     | services.project_service:open_project:156 | Project opened
2026-07-07 22:42:28.021 | INFO     | services.project_service:open_project:156 | Project opened
2026-07-07 22:42:28.031 | INFO     | services.project_service:open_project:156 | Project opened
2026-07-07 22:42:28.040 | INFO     | services.project_service:open_project:156 | Project opened
2026-07-07 22:42:28.050 | INFO     | services.project_service:open_project:156 | Project opened
2026-07-07 22:42:28.064 | INFO     | services.project_service:open_project:156 | Project opened
2026-07-07 22:42:28.078 | INFO     | services.project_service:open_project:156 | Project opened
2026-07-07 22:42:28.089 | INFO     | services.project_service:open_project:156 | Project opened
2026-07-07 22:42:28.100 | INFO     | services.project_service:open_project:156 | Project opened
2026-07-07 22:42:28.110 | INFO     | services.project_service:open_project:156 | Project opened
2026-07-07 22:42:28.121 | INFO     | services.project_service:open_project:156 | Project opened
2026-07-07 22:42:28.134 | INFO     | services.project_service:open_project:156 | Project opened
2026-07-07 22:42:28.150 | INFO     | services.project_service:open_project:156 | Project opened
2026-07-07 22:42:28.161 | INFO     | services.project_service:open_project:156 | Project opened
2026-07-07 22:42:28.172 | INFO     | services.project_service:open_project:156 | Project opened
2026-07-07 22:42:28.183 | INFO     | services.project_service:open_project:156 | Project opened
2026-07-07 22:42:28.196 | INFO     | services.project_service:open_project:156 | Project opened
2026-07-07 22:42:28.207 | INFO     | services.project_service:open_project:156 | Project opened
2026-07-07 22:42:28.219 | INFO     | services.project_service:open_project:156 | Project opened
2026-07-07 22:42:28.226 | INFO     | services.project_service:open_project:156 | Project opened
2026-07-07 22:42:28.238 | INFO     | services.project_service:open_project:156 | Project opened
2026-07-07 22:42:28.248 | INFO     | services.project_service:open_project:156 | Project opened
2026-07-08 00:04:41.959 | INFO     | core.logging:setup_logging:67 | Logging system initialized
2026-07-08 00:04:41.962 | INFO     | main:lifespan:35 | Starting GARUDA v1.0.0
2026-07-08 00:04:41.963 | INFO     | main:lifespan:36 | Environment: development
2026-07-08 00:04:41.990 | INFO     | main:lifespan:38 | Database initialized
2026-07-08 00:05:09.527 | INFO     | services.project_service:open_project:156 | Project opened
2026-07-08 00:05:09.611 | INFO     | services.project_service:open_project:156 | Project opened
2026-07-08 00:05:09.655 | INFO     | services.project_service:open_project:156 | Project opened
2026-07-08 00:05:09.697 | INFO     | services.project_service:open_project:156 | Project opened
2026-07-08 00:05:09.735 | INFO     | services.project_service:open_project:156 | Project opened
2026-07-08 00:05:09.781 | INFO     | services.project_service:open_project:156 | Project opened
2026-07-08 00:05:09.826 | INFO     | services.project_service:open_project:156 | Project opened
2026-07-08 00:05:09.868 | INFO     | services.project_service:open_project:156 | Project opened
2026-07-08 00:05:09.909 | INFO     | services.project_service:open_project:156 | Project opened
2026-07-08 00:05:09.947 | INFO     | services.project_service:open_project:156 | Project opened
2026-07-08 00:05:09.984 | INFO     | services.project_service:open_project:156 | Project opened
2026-07-08 00:05:10.020 | INFO     | services.project_service:open_project:156 | Project opened
2026-07-08 00:05:10.054 | INFO     | services.project_service:open_project:156 | Project opened
2026-07-08 00:05:10.088 | INFO     | services.project_service:open_project:156 | Project opened
2026-07-08 00:05:10.124 | INFO     | services.project_service:open_project:156 | Project opened
2026-07-08 00:05:10.161 | INFO     | services.project_service:open_project:156 | Project opened
2026-07-08 00:05:10.195 | INFO     | services.project_service:open_project:156 | Project opened
2026-07-08 00:05:10.225 | INFO     | services.project_service:open_project:156 | Project opened
2026-07-08 00:05:10.256 | INFO     | services.project_service:open_project:156 | Project opened
2026-07-08 00:05:10.289 | INFO     | services.project_service:open_project:156 | Project opened
2026-07-08 00:05:10.319 | INFO     | services.project_service:open_project:156 | Project opened
2026-07-08 00:05:10.358 | INFO     | services.project_service:open_project:156 | Project opened
2026-07-08 00:05:10.395 | INFO     | services.project_service:open_project:156 | Project opened
2026-07-08 00:05:10.430 | INFO     | services.project_service:open_project:156 | Project opened
2026-07-08 00:05:10.468 | INFO     | services.project_service:open_project:156 | Project opened
2026-07-08 00:05:10.510 | INFO     | services.project_service:open_project:156 | Project opened
2026-07-08 00:05:10.564 | INFO     | services.project_service:open_project:156 | Project opened
2026-07-08 00:05:10.607 | INFO     | services.project_service:open_project:156 | Project opened
2026-07-08 00:05:10.653 | INFO     | services.project_service:open_project:156 | Project opened
2026-07-08 00:05:10.696 | INFO     | services.project_service:open_project:156 | Project opened
2026-07-08 00:05:10.729 | INFO     | services.project_service:open_project:156 | Project opened
2026-07-08 00:05:10.758 | INFO     | services.project_service:open_project:156 | Project opened
2026-07-08 00:05:10.784 | INFO     | services.project_service:open_project:156 | Project opened
2026-07-08 00:05:10.815 | INFO     | services.project_service:open_project:156 | Project opened
2026-07-08 00:05:10.847 | INFO     | services.project_service:open_project:156 | Project opened
2026-07-08 00:05:10.874 | INFO     | services.project_service:open_project:156 | Project opened
2026-07-08 00:05:10.917 | INFO     | services.project_service:open_project:156 | Project opened
2026-07-08 00:05:10.944 | INFO     | services.project_service:open_project:156 | Project opened
2026-07-08 00:05:10.979 | INFO     | services.project_service:open_project:156 | Project opened
2026-07-08 00:05:11.007 | INFO     | services.project_service:open_project:156 | Project opened
2026-07-08 00:05:11.058 | INFO     | services.project_service:open_project:156 | Project opened
2026-07-08 00:05:11.093 | INFO     | services.project_service:open_project:156 | Project opened
2026-07-08 00:05:11.128 | INFO     | services.project_service:open_project:156 | Project opened
2026-07-08 00:05:11.191 | INFO     | services.project_service:open_project:156 | Project opened
2026-07-08 00:05:11.238 | INFO     | services.project_service:open_project:156 | Project opened
2026-07-08 00:05:11.278 | INFO     | services.project_service:open_project:156 | Project opened
2026-07-08 00:05:11.327 | INFO     | services.project_service:open_project:156 | Project opened
2026-07-08 00:05:11.363 | INFO     | services.project_service:open_project:156 | Project opened
2026-07-08 00:05:11.391 | INFO     | services.project_service:open_project:156 | Project opened
2026-07-08 00:05:11.426 | INFO     | services.project_service:open_project:156 | Project opened
2026-07-08 00:05:11.462 | INFO     | services.project_service:open_project:156 | Project opened
2026-07-08 00:05:11.489 | INFO     | services.project_service:open_project:156 | Project opened
2026-07-08 00:05:11.519 | INFO     | services.project_service:open_project:156 | Project opened
2026-07-08 00:05:11.549 | INFO     | services.project_service:open_project:156 | Project opened
2026-07-08 00:05:11.576 | INFO     | services.project_service:open_project:156 | Project opened
2026-07-08 00:05:11.604 | INFO     | services.project_service:open_project:156 | Project opened
2026-07-08 00:05:11.634 | INFO     | services.project_service:open_project:156 | Project opened
2026-07-08 00:05:11.664 | INFO     | services.project_service:open_project:156 | Project opened
2026-07-08 00:05:11.708 | INFO     | services.project_service:open_project:156 | Project opened
2026-07-08 00:05:11.734 | INFO     | services.project_service:open_project:156 | Project opened
2026-07-08 00:05:11.755 | INFO     | services.project_service:open_project:156 | Project opened
2026-07-08 00:05:11.789 | INFO     | services.project_service:open_project:156 | Project opened
2026-07-08 00:05:11.819 | INFO     | services.project_service:open_project:156 | Project opened
2026-07-08 00:05:11.847 | INFO     | services.project_service:open_project:156 | Project opened
2026-07-08 00:05:11.875 | INFO     | services.project_service:open_project:156 | Project opened
2026-07-08 00:05:11.905 | INFO     | services.project_service:open_project:156 | Project opened
2026-07-08 00:05:11.934 | INFO     | services.project_service:open_project:156 | Project opened
2026-07-08 00:05:11.971 | INFO     | services.project_service:open_project:156 | Project opened
2026-07-08 00:05:12.000 | INFO     | services.project_service:open_project:156 | Project opened
2026-07-08 00:05:12.029 | INFO     | services.project_service:open_project:156 | Project opened
2026-07-08 00:05:12.061 | INFO     | services.project_service:open_project:156 | Project opened
2026-07-08 00:05:12.091 | INFO     | services.project_service:open_project:156 | Project opened
2026-07-08 00:05:12.123 | INFO     | services.project_service:open_project:156 | Project opened
2026-07-08 00:05:12.160 | INFO     | services.project_service:open_project:156 | Project opened
2026-07-08 00:05:12.190 | INFO     | services.project_service:open_project:156 | Project opened
2026-07-08 00:05:12.229 | INFO     | services.project_service:open_project:156 | Project opened
2026-07-08 00:05:12.258 | INFO     | services.project_service:open_project:156 | Project opened
2026-07-08 00:05:12.291 | INFO     | services.project_service:open_project:156 | Project opened
2026-07-08 00:05:12.324 | INFO     | services.project_service:open_project:156 | Project opened
2026-07-08 00:05:12.356 | INFO     | services.project_service:open_project:156 | Project opened
2026-07-08 00:05:12.387 | INFO     | services.project_service:open_project:156 | Project opened
2026-07-08 00:05:12.423 | INFO     | services.project_service:open_project:156 | Project opened
2026-07-08 00:05:12.456 | INFO     | services.project_service:open_project:156 | Project opened
2026-07-08 00:05:12.496 | INFO     | services.project_service:open_project:156 | Project opened
2026-07-08 00:05:12.528 | INFO     | services.project_service:open_project:156 | Project opened
2026-07-08 00:05:12.559 | INFO     | services.project_service:open_project:156 | Project opened
2026-07-08 00:05:12.602 | INFO     | services.project_service:open_project:156 | Project opened
2026-07-08 00:05:12.639 | INFO     | services.project_service:open_project:156 | Project opened
2026-07-08 00:05:12.690 | INFO     | services.project_service:open_project:156 | Project opened
2026-07-08 00:05:12.751 | INFO     | services.project_service:open_project:156 | Project opened
2026-07-08 00:05:12.790 | INFO     | services.project_service:open_project:156 | Project opened
2026-07-08 00:05:12.827 | INFO     | services.project_service:open_project:156 | Project opened
2026-07-08 00:05:12.855 | INFO     | services.project_service:open_project:156 | Project opened
2026-07-08 00:05:12.883 | INFO     | services.project_service:open_project:156 | Project opened
2026-07-08 00:05:12.910 | INFO     | services.project_service:open_project:156 | Project opened
2026-07-08 00:05:12.944 | INFO     | services.project_service:open_project:156 | Project opened
2026-07-08 00:05:12.982 | INFO     | services.project_service:open_project:156 | Project opened
2026-07-08 00:05:13.011 | INFO     | services.project_service:open_project:156 | Project opened
2026-07-08 00:05:13.039 | INFO     | services.project_service:open_project:156 | Project opened
2026-07-08 00:05:13.069 | INFO     | services.project_service:open_project:156 | Project opened
2026-07-08 00:09:53.938 | INFO     | services.project_service:create_project:129 | Project created
2026-07-08 00:09:54.851 | INFO     | services.project_service:open_project:156 | Project opened
2026-07-08 00:09:54.887 | INFO     | services.project_service:open_project:156 | Project opened
2026-07-08 00:09:54.916 | INFO     | services.project_service:open_project:156 | Project opened
2026-07-08 00:09:54.947 | INFO     | services.project_service:open_project:156 | Project opened
2026-07-08 00:09:54.976 | INFO     | services.project_service:open_project:156 | Project opened
2026-07-08 00:09:55.009 | INFO     | services.project_service:open_project:156 | Project opened
2026-07-08 00:09:55.029 | INFO     | services.project_service:open_project:156 | Project opened
2026-07-08 00:09:55.058 | INFO     | services.project_service:open_project:156 | Project opened
2026-07-08 00:09:55.085 | INFO     | services.project_service:open_project:156 | Project opened
2026-07-08 00:09:55.120 | INFO     | services.project_service:open_project:156 | Project opened
2026-07-08 00:09:55.152 | INFO     | services.project_service:open_project:156 | Project opened
2026-07-08 00:09:55.182 | INFO     | services.project_service:open_project:156 | Project opened
2026-07-08 00:09:55.213 | INFO     | services.project_service:open_project:156 | Project opened
2026-07-08 00:09:55.249 | INFO     | services.project_service:open_project:156 | Project opened
2026-07-08 00:09:55.280 | INFO     | services.project_service:open_project:156 | Project opened
2026-07-08 00:09:55.313 | INFO     | services.project_service:open_project:156 | Project opened
2026-07-08 00:09:55.342 | INFO     | services.project_service:open_project:156 | Project opened
2026-07-08 00:09:55.373 | INFO     | services.project_service:open_project:156 | Project opened
2026-07-08 00:09:55.402 | INFO     | services.project_service:open_project:156 | Project opened
2026-07-08 00:09:55.434 | INFO     | services.project_service:open_project:156 | Project opened
2026-07-08 00:09:55.467 | INFO     | services.project_service:open_project:156 | Project opened
2026-07-08 00:09:55.499 | INFO     | services.project_service:open_project:156 | Project opened
2026-07-08 00:09:55.530 | INFO     | services.project_service:open_project:156 | Project opened
2026-07-08 00:09:55.561 | INFO     | services.project_service:open_project:156 | Project opened
2026-07-08 00:09:55.589 | INFO     | services.project_service:open_project:156 | Project opened
2026-07-08 00:09:55.618 | INFO     | services.project_service:open_project:156 | Project opened
2026-07-08 00:09:55.645 | INFO     | services.project_service:open_project:156 | Project opened
2026-07-08 00:09:55.671 | INFO     | services.project_service:open_project:156 | Project opened
2026-07-08 00:09:55.708 | INFO     | services.project_service:open_project:156 | Project opened
2026-07-08 00:09:55.742 | INFO     | services.project_service:open_project:156 | Project opened
2026-07-08 00:09:55.772 | INFO     | services.project_service:open_project:156 | Project opened
2026-07-08 00:09:55.813 | INFO     | services.project_service:open_project:156 | Project opened
2026-07-08 00:09:55.868 | INFO     | services.project_service:open_project:156 | Project opened
2026-07-08 00:09:55.906 | INFO     | services.project_service:open_project:156 | Project opened
2026-07-08 00:09:55.946 | INFO     | services.project_service:open_project:156 | Project opened
2026-07-08 00:09:55.988 | INFO     | services.project_service:open_project:156 | Project opened
2026-07-08 00:09:56.018 | INFO     | services.project_service:open_project:156 | Project opened
2026-07-08 00:09:56.049 | INFO     | services.project_service:open_project:156 | Project opened
2026-07-08 00:09:56.080 | INFO     | services.project_service:open_project:156 | Project opened
2026-07-08 00:09:56.111 | INFO     | services.project_service:open_project:156 | Project opened
2026-07-08 00:09:56.140 | INFO     | services.project_service:open_project:156 | Project opened
2026-07-08 00:09:56.172 | INFO     | services.project_service:open_project:156 | Project opened
2026-07-08 00:09:56.208 | INFO     | services.project_service:open_project:156 | Project opened
2026-07-08 00:09:56.241 | INFO     | services.project_service:open_project:156 | Project opened
2026-07-08 00:09:56.273 | INFO     | services.project_service:open_project:156 | Project opened
2026-07-08 00:09:56.310 | INFO     | services.project_service:open_project:156 | Project opened
2026-07-08 00:09:56.341 | INFO     | services.project_service:open_project:156 | Project opened
2026-07-08 00:09:56.370 | INFO     | services.project_service:open_project:156 | Project opened
2026-07-08 00:09:56.399 | INFO     | services.project_service:open_project:156 | Project opened
2026-07-08 00:09:56.418 | INFO     | services.project_service:open_project:156 | Project opened
2026-07-08 00:09:56.461 | INFO     | services.project_service:open_project:156 | Project opened
2026-07-08 00:09:56.495 | INFO     | services.project_service:open_project:156 | Project opened
2026-07-08 00:09:56.527 | INFO     | services.project_service:open_project:156 | Project opened
2026-07-08 00:10:41.264 | INFO     | services.project_service:open_project:156 | Project opened
2026-07-08 00:10:41.291 | INFO     | services.project_service:open_project:156 | Project opened
2026-07-08 00:10:41.342 | INFO     | services.project_service:open_project:156 | Project opened
2026-07-08 00:10:41.388 | INFO     | services.project_service:open_project:156 | Project opened
2026-07-08 00:10:41.442 | INFO     | services.project_service:open_project:156 | Project opened
2026-07-08 00:10:41.480 | INFO     | services.project_service:open_project:156 | Project opened
2026-07-08 00:10:41.511 | INFO     | services.project_service:open_project:156 | Project opened
2026-07-08 00:10:41.539 | INFO     | services.project_service:open_project:156 | Project opened
2026-07-08 00:10:41.566 | INFO     | services.project_service:open_project:156 | Project opened
2026-07-08 00:10:41.595 | INFO     | services.project_service:open_project:156 | Project opened
2026-07-08 00:10:41.622 | INFO     | services.project_service:open_project:156 | Project opened
2026-07-08 00:10:41.653 | INFO     | services.project_service:open_project:156 | Project opened
2026-07-08 00:10:41.680 | INFO     | services.project_service:open_project:156 | Project opened
2026-07-08 00:10:41.708 | INFO     | services.project_service:open_project:156 | Project opened
2026-07-08 00:10:41.732 | INFO     | services.project_service:open_project:156 | Project opened
2026-07-08 00:10:41.765 | INFO     | services.project_service:open_project:156 | Project opened
2026-07-08 00:10:41.795 | INFO     | services.project_service:open_project:156 | Project opened
2026-07-08 00:10:41.822 | INFO     | services.project_service:open_project:156 | Project opened
2026-07-08 00:10:41.849 | INFO     | services.project_service:open_project:156 | Project opened
2026-07-08 00:10:41.878 | INFO     | services.project_service:open_project:156 | Project opened
2026-07-08 00:10:41.909 | INFO     | services.project_service:open_project:156 | Project opened
2026-07-08 00:10:41.937 | INFO     | services.project_service:open_project:156 | Project opened
2026-07-08 00:10:41.966 | INFO     | services.project_service:open_project:156 | Project opened
2026-07-08 00:10:41.996 | INFO     | services.project_service:open_project:156 | Project opened
2026-07-08 00:10:42.025 | INFO     | services.project_service:open_project:156 | Project opened
2026-07-08 00:10:42.057 | INFO     | services.project_service:open_project:156 | Project opened
2026-07-08 00:10:42.085 | INFO     | services.project_service:open_project:156 | Project opened
2026-07-08 00:10:42.117 | INFO     | services.project_service:open_project:156 | Project opened
2026-07-08 00:10:42.150 | INFO     | services.project_service:open_project:156 | Project opened
2026-07-08 00:10:42.181 | INFO     | services.project_service:open_project:156 | Project opened
2026-07-08 00:10:42.213 | INFO     | services.project_service:open_project:156 | Project opened
2026-07-08 00:10:42.244 | INFO     | services.project_service:open_project:156 | Project opened
2026-07-08 00:10:42.272 | INFO     | services.project_service:open_project:156 | Project opened
2026-07-08 00:10:42.301 | INFO     | services.project_service:open_project:156 | Project opened
2026-07-08 00:10:42.328 | INFO     | services.project_service:open_project:156 | Project opened
2026-07-08 00:10:42.361 | INFO     | services.project_service:open_project:156 | Project opened
2026-07-08 00:10:42.388 | INFO     | services.project_service:open_project:156 | Project opened
2026-07-08 00:10:42.418 | INFO     | services.project_service:open_project:156 | Project opened
2026-07-08 00:10:42.446 | INFO     | services.project_service:open_project:156 | Project opened
2026-07-08 00:10:42.477 | INFO     | services.project_service:open_project:156 | Project opened
2026-07-08 00:10:42.505 | INFO     | services.project_service:open_project:156 | Project opened
2026-07-08 00:10:42.547 | INFO     | services.project_service:open_project:156 | Project opened
2026-07-08 00:10:42.577 | INFO     | services.project_service:open_project:156 | Project opened
2026-07-08 00:10:42.611 | INFO     | services.project_service:open_project:156 | Project opened
2026-07-08 00:10:42.642 | INFO     | services.project_service:open_project:156 | Project opened
2026-07-08 00:10:42.703 | INFO     | services.project_service:open_project:156 | Project opened
2026-07-08 00:10:42.735 | INFO     | services.project_service:open_project:156 | Project opened
2026-07-08 00:10:42.770 | INFO     | services.project_service:open_project:156 | Project opened
2026-07-08 00:10:42.807 | INFO     | services.project_service:open_project:156 | Project opened
2026-07-08 00:10:42.863 | INFO     | services.project_service:open_project:156 | Project opened
2026-07-08 00:10:42.911 | INFO     | services.project_service:open_project:156 | Project opened
2026-07-08 00:10:42.949 | INFO     | services.project_service:open_project:156 | Project opened
2026-07-08 00:10:42.983 | INFO     | services.project_service:open_project:156 | Project opened
2026-07-08 00:10:43.012 | INFO     | services.project_service:open_project:156 | Project opened
2026-07-08 00:10:43.040 | INFO     | services.project_service:open_project:156 | Project opened
2026-07-08 00:10:43.065 | INFO     | services.project_service:open_project:156 | Project opened
2026-07-08 00:10:43.093 | INFO     | services.project_service:open_project:156 | Project opened
2026-07-08 00:10:43.122 | INFO     | services.project_service:open_project:156 | Project opened
2026-07-08 00:10:43.149 | INFO     | services.project_service:open_project:156 | Project opened
2026-07-08 00:10:43.179 | INFO     | services.project_service:open_project:156 | Project opened
2026-07-08 00:10:43.206 | INFO     | services.project_service:open_project:156 | Project opened
2026-07-08 00:10:43.232 | INFO     | services.project_service:open_project:156 | Project opened
2026-07-08 00:10:43.260 | INFO     | services.project_service:open_project:156 | Project opened
2026-07-08 00:10:43.289 | INFO     | services.project_service:open_project:156 | Project opened
2026-07-08 00:10:43.317 | INFO     | services.project_service:open_project:156 | Project opened
2026-07-08 00:10:43.347 | INFO     | services.project_service:open_project:156 | Project opened
2026-07-08 00:10:43.376 | INFO     | services.project_service:open_project:156 | Project opened
2026-07-08 00:10:43.407 | INFO     | services.project_service:open_project:156 | Project opened
2026-07-08 00:10:43.440 | INFO     | services.project_service:open_project:156 | Project opened
2026-07-08 00:10:43.471 | INFO     | services.project_service:open_project:156 | Project opened
2026-07-08 00:10:43.503 | INFO     | services.project_service:open_project:156 | Project opened
2026-07-08 00:10:43.533 | INFO     | services.project_service:open_project:156 | Project opened
2026-07-08 00:10:43.560 | INFO     | services.project_service:open_project:156 | Project opened
2026-07-08 00:10:43.590 | INFO     | services.project_service:open_project:156 | Project opened
2026-07-08 00:10:43.619 | INFO     | services.project_service:open_project:156 | Project opened
2026-07-08 00:10:43.649 | INFO     | services.project_service:open_project:156 | Project opened
2026-07-08 00:10:43.687 | INFO     | services.project_service:open_project:156 | Project opened
2026-07-08 00:10:43.717 | INFO     | services.project_service:open_project:156 | Project opened
2026-07-08 00:10:43.745 | INFO     | services.project_service:open_project:156 | Project opened
2026-07-08 00:10:43.769 | INFO     | services.project_service:open_project:156 | Project opened
2026-07-08 00:10:43.797 | INFO     | services.project_service:open_project:156 | Project opened
2026-07-08 00:10:43.820 | INFO     | services.project_service:open_project:156 | Project opened
2026-07-08 00:10:43.857 | INFO     | services.project_service:open_project:156 | Project opened
2026-07-08 00:10:43.886 | INFO     | services.project_service:open_project:156 | Project opened
2026-07-08 00:10:43.918 | INFO     | services.project_service:open_project:156 | Project opened
2026-07-08 00:10:43.952 | INFO     | services.project_service:open_project:156 | Project opened
2026-07-08 00:10:43.984 | INFO     | services.project_service:open_project:156 | Project opened
2026-07-08 00:10:44.014 | INFO     | services.project_service:open_project:156 | Project opened
2026-07-08 00:10:44.042 | INFO     | services.project_service:open_project:156 | Project opened
2026-07-08 00:10:44.069 | INFO     | services.project_service:open_project:156 | Project opened
2026-07-08 00:10:44.099 | INFO     | services.project_service:open_project:156 | Project opened
2026-07-08 00:10:44.129 | INFO     | services.project_service:open_project:156 | Project opened
2026-07-08 00:10:44.158 | INFO     | services.project_service:open_project:156 | Project opened
2026-07-08 00:10:44.191 | INFO     | services.project_service:open_project:156 | Project opened
2026-07-08 00:10:44.222 | INFO     | services.project_service:open_project:156 | Project opened
2026-07-08 00:10:44.254 | INFO     | services.project_service:open_project:156 | Project opened
2026-07-08 00:10:44.283 | INFO     | services.project_service:open_project:156 | Project opened
2026-07-08 00:10:44.312 | INFO     | services.project_service:open_project:156 | Project opened
2026-07-08 00:10:44.343 | INFO     | services.project_service:open_project:156 | Project opened
2026-07-08 00:10:44.373 | INFO     | services.project_service:open_project:156 | Project opened
2026-07-08 00:10:44.414 | INFO     | services.project_service:open_project:156 | Project opened
2026-07-08 00:10:44.461 | INFO     | services.project_service:open_project:156 | Project opened
2026-07-08 00:10:44.502 | INFO     | services.project_service:open_project:156 | Project opened
2026-07-08 00:10:44.548 | INFO     | services.project_service:open_project:156 | Project opened
2026-07-08 00:10:44.582 | INFO     | services.project_service:open_project:156 | Project opened
2026-07-08 00:10:44.613 | INFO     | services.project_service:open_project:156 | Project opened
2026-07-08 00:10:44.641 | INFO     | services.project_service:open_project:156 | Project opened
2026-07-08 00:10:44.669 | INFO     | services.project_service:open_project:156 | Project opened
2026-07-08 00:10:44.699 | INFO     | services.project_service:open_project:156 | Project opened
2026-07-08 00:10:44.735 | INFO     | services.project_service:open_project:156 | Project opened
2026-07-08 00:10:44.764 | INFO     | services.project_service:open_project:156 | Project opened
2026-07-08 00:10:44.793 | INFO     | services.project_service:open_project:156 | Project opened
2026-07-08 00:10:44.826 | INFO     | services.project_service:open_project:156 | Project opened
2026-07-08 00:10:44.854 | INFO     | services.project_service:open_project:156 | Project opened
2026-07-08 00:10:44.883 | INFO     | services.project_service:open_project:156 | Project opened
2026-07-08 00:10:44.911 | INFO     | services.project_service:open_project:156 | Project opened
2026-07-08 00:10:44.944 | INFO     | services.project_service:open_project:156 | Project opened
2026-07-08 00:10:44.974 | INFO     | services.project_service:open_project:156 | Project opened
2026-07-08 00:10:44.996 | INFO     | services.project_service:open_project:156 | Project opened
2026-07-08 00:10:45.029 | INFO     | services.project_service:open_project:156 | Project opened
2026-07-08 00:10:45.047 | INFO     | services.project_service:open_project:156 | Project opened
2026-07-08 00:10:45.078 | INFO     | services.project_service:open_project:156 | Project opened
2026-07-08 00:10:45.114 | INFO     | services.project_service:open_project:156 | Project opened
2026-07-08 00:10:45.141 | INFO     | services.project_service:open_project:156 | Project opened
2026-07-08 00:10:45.168 | INFO     | services.project_service:open_project:156 | Project opened
2026-07-08 00:10:45.194 | INFO     | services.project_service:open_project:156 | Project opened
2026-07-08 00:10:45.227 | INFO     | services.project_service:open_project:156 | Project opened
2026-07-08 00:10:45.248 | INFO     | services.project_service:open_project:156 | Project opened
2026-07-08 00:10:45.279 | INFO     | services.project_service:open_project:156 | Project opened
2026-07-08 00:10:45.312 | INFO     | services.project_service:open_project:156 | Project opened
2026-07-08 00:10:45.344 | INFO     | services.project_service:open_project:156 | Project opened
2026-07-08 00:10:45.373 | INFO     | services.project_service:open_project:156 | Project opened
2026-07-08 00:10:45.401 | INFO     | services.project_service:open_project:156 | Project opened
2026-07-08 00:10:45.432 | INFO     | services.project_service:open_project:156 | Project opened
2026-07-08 00:10:45.466 | INFO     | services.project_service:open_project:156 | Project opened
2026-07-08 00:10:45.496 | INFO     | services.project_service:open_project:156 | Project opened
2026-07-08 00:10:45.525 | INFO     | services.project_service:open_project:156 | Project opened
2026-07-08 00:10:45.557 | INFO     | services.project_service:open_project:156 | Project opened
2026-07-08 00:10:45.586 | INFO     | services.project_service:open_project:156 | Project opened
2026-07-08 00:10:45.625 | INFO     | services.project_service:open_project:156 | Project opened
2026-07-08 00:10:45.659 | INFO     | services.project_service:open_project:156 | Project opened
2026-07-08 00:10:45.707 | INFO     | services.project_service:open_project:156 | Project opened
2026-07-08 00:10:45.762 | INFO     | services.project_service:open_project:156 | Project opened
2026-07-08 00:10:45.806 | INFO     | services.project_service:open_project:156 | Project opened
2026-07-08 00:10:45.838 | INFO     | services.project_service:open_project:156 | Project opened
2026-07-08 00:10:45.867 | INFO     | services.project_service:open_project:156 | Project opened
2026-07-08 00:10:45.904 | INFO     | services.project_service:open_project:156 | Project opened
2026-07-08 00:10:45.933 | INFO     | services.project_service:open_project:156 | Project opened
2026-07-08 00:10:45.972 | INFO     | services.project_service:open_project:156 | Project opened
2026-07-08 00:10:46.001 | INFO     | services.project_service:open_project:156 | Project opened
2026-07-08 00:10:46.046 | INFO     | services.project_service:open_project:156 | Project opened
2026-07-08 00:10:46.078 | INFO     | services.project_service:open_project:156 | Project opened
2026-07-08 00:10:46.110 | INFO     | services.project_service:open_project:156 | Project opened
2026-07-08 00:10:46.145 | INFO     | services.project_service:open_project:156 | Project opened
2026-07-08 00:10:46.179 | INFO     | services.project_service:open_project:156 | Project opened
2026-07-08 00:10:46.230 | INFO     | services.project_service:open_project:156 | Project opened
2026-07-08 00:10:46.268 | INFO     | services.project_service:open_project:156 | Project opened
2026-07-08 00:10:46.306 | INFO     | services.project_service:open_project:156 | Project opened
2026-07-08 00:10:46.334 | INFO     | services.project_service:open_project:156 | Project opened
2026-07-08 00:10:46.357 | INFO     | services.project_service:open_project:156 | Project opened
2026-07-08 00:12:08.937 | INFO     | services.project_service:open_project:156 | Project opened
2026-07-08 00:12:08.951 | INFO     | services.project_service:open_project:156 | Project opened
2026-07-08 00:12:08.982 | INFO     | services.project_service:open_project:156 | Project opened
2026-07-08 00:12:09.013 | INFO     | services.project_service:open_project:156 | Project opened
2026-07-08 00:12:09.045 | INFO     | services.project_service:open_project:156 | Project opened
2026-07-08 00:12:09.075 | INFO     | services.project_service:open_project:156 | Project opened
2026-07-08 00:12:09.107 | INFO     | services.project_service:open_project:156 | Project opened
2026-07-08 00:12:09.137 | INFO     | services.project_service:open_project:156 | Project opened
2026-07-08 00:12:09.166 | INFO     | services.project_service:open_project:156 | Project opened
2026-07-08 00:12:09.196 | INFO     | services.project_service:open_project:156 | Project opened
2026-07-08 00:12:09.227 | INFO     | services.project_service:open_project:156 | Project opened
2026-07-08 00:12:09.257 | INFO     | services.project_service:open_project:156 | Project opened
2026-07-08 00:12:09.285 | INFO     | services.project_service:open_project:156 | Project opened
2026-07-08 00:12:09.319 | INFO     | services.project_service:open_project:156 | Project opened
2026-07-08 00:12:09.355 | INFO     | services.project_service:open_project:156 | Project opened
2026-07-08 00:12:09.391 | INFO     | services.project_service:open_project:156 | Project opened
2026-07-08 00:12:09.418 | INFO     | services.project_service:open_project:156 | Project opened
2026-07-08 00:12:09.446 | INFO     | services.project_service:open_project:156 | Project opened
2026-07-08 00:12:09.473 | INFO     | services.project_service:open_project:156 | Project opened
2026-07-08 00:12:09.500 | INFO     | services.project_service:open_project:156 | Project opened
2026-07-08 00:12:09.531 | INFO     | services.project_service:open_project:156 | Project opened
2026-07-08 00:12:09.560 | INFO     | services.project_service:open_project:156 | Project opened
2026-07-08 00:12:09.589 | INFO     | services.project_service:open_project:156 | Project opened
2026-07-08 00:12:09.614 | INFO     | services.project_service:open_project:156 | Project opened
2026-07-08 00:12:09.641 | INFO     | services.project_service:open_project:156 | Project opened
2026-07-08 00:12:09.667 | INFO     | services.project_service:open_project:156 | Project opened
2026-07-08 00:12:09.697 | INFO     | services.project_service:open_project:156 | Project opened
2026-07-08 00:12:09.726 | INFO     | services.project_service:open_project:156 | Project opened
2026-07-08 00:12:09.752 | INFO     | services.project_service:open_project:156 | Project opened
2026-07-08 00:12:09.786 | INFO     | services.project_service:open_project:156 | Project opened
2026-07-08 00:12:09.825 | INFO     | services.project_service:open_project:156 | Project opened
2026-07-08 00:12:09.863 | INFO     | services.project_service:open_project:156 | Project opened
2026-07-08 00:12:09.906 | INFO     | services.project_service:open_project:156 | Project opened
2026-07-08 00:12:09.939 | INFO     | services.project_service:open_project:156 | Project opened
2026-07-08 00:12:09.967 | INFO     | services.project_service:open_project:156 | Project opened
2026-07-08 00:12:09.996 | INFO     | services.project_service:open_project:156 | Project opened
2026-07-08 00:12:10.024 | INFO     | services.project_service:open_project:156 | Project opened
2026-07-08 00:12:10.060 | INFO     | services.project_service:open_project:156 | Project opened
2026-07-08 00:12:10.096 | INFO     | services.project_service:open_project:156 | Project opened
2026-07-08 00:12:10.179 | INFO     | services.project_service:open_project:156 | Project opened
2026-07-08 00:34:33.026 | INFO     | core.logging:setup_logging:67 | Logging system initialized
2026-07-08 00:34:33.031 | INFO     | main:lifespan:35 | Starting GARUDA v1.0.0
2026-07-08 00:34:33.031 | INFO     | main:lifespan:36 | Environment: development
2026-07-08 00:34:33.061 | INFO     | main:lifespan:38 | Database initialized
2026-07-08 00:34:42.188 | INFO     | services.project_service:open_project:156 | Project opened
2026-07-08 00:34:42.231 | INFO     | services.project_service:open_project:156 | Project opened
2026-07-08 00:34:42.266 | INFO     | services.project_service:open_project:156 | Project opened
2026-07-08 00:34:42.302 | INFO     | services.project_service:open_project:156 | Project opened
2026-07-08 00:34:42.335 | INFO     | services.project_service:open_project:156 | Project opened
2026-07-08 00:34:42.367 | INFO     | services.project_service:open_project:156 | Project opened
2026-07-08 00:34:42.387 | INFO     | services.project_service:open_project:156 | Project opened
2026-07-08 00:34:42.451 | INFO     | services.project_service:open_project:156 | Project opened
2026-07-08 00:34:42.483 | INFO     | services.project_service:open_project:156 | Project opened
2026-07-08 00:34:42.515 | INFO     | services.project_service:open_project:156 | Project opened
2026-07-08 00:34:42.558 | INFO     | services.project_service:open_project:156 | Project opened
2026-07-08 00:34:42.599 | INFO     | services.project_service:open_project:156 | Project opened
2026-07-08 00:34:42.633 | INFO     | services.project_service:open_project:156 | Project opened
2026-07-08 00:34:42.672 | INFO     | services.project_service:open_project:156 | Project opened
2026-07-08 00:34:42.705 | INFO     | services.project_service:open_project:156 | Project opened
2026-07-08 00:34:42.756 | INFO     | services.project_service:open_project:156 | Project opened
2026-07-08 00:34:42.797 | INFO     | services.project_service:open_project:156 | Project opened
2026-07-08 00:34:42.834 | INFO     | services.project_service:open_project:156 | Project opened
2026-07-08 00:34:42.872 | INFO     | services.project_service:open_project:156 | Project opened
2026-07-08 00:34:42.914 | INFO     | services.project_service:open_project:156 | Project opened
2026-07-08 00:34:42.943 | INFO     | services.project_service:open_project:156 | Project opened
2026-07-08 00:34:42.983 | INFO     | services.project_service:open_project:156 | Project opened
2026-07-08 00:34:43.016 | INFO     | services.project_service:open_project:156 | Project opened
2026-07-08 00:34:43.048 | INFO     | services.project_service:open_project:156 | Project opened
2026-07-08 00:34:43.085 | INFO     | services.project_service:open_project:156 | Project opened
2026-07-08 00:34:43.115 | INFO     | services.project_service:open_project:156 | Project opened
2026-07-08 00:34:43.145 | INFO     | services.project_service:open_project:156 | Project opened
2026-07-08 00:34:43.180 | INFO     | services.project_service:open_project:156 | Project opened
2026-07-08 00:34:43.217 | INFO     | services.project_service:open_project:156 | Project opened
2026-07-08 00:34:43.246 | INFO     | services.project_service:open_project:156 | Project opened
2026-07-08 00:34:43.281 | INFO     | services.project_service:open_project:156 | Project opened
2026-07-08 00:34:43.313 | INFO     | services.project_service:open_project:156 | Project opened
2026-07-08 00:34:43.349 | INFO     | services.project_service:open_project:156 | Project opened
2026-07-08 00:34:43.376 | INFO     | services.project_service:open_project:156 | Project opened
2026-07-08 00:34:43.412 | INFO     | services.project_service:open_project:156 | Project opened
2026-07-08 00:34:43.445 | INFO     | services.project_service:open_project:156 | Project opened
2026-07-08 00:34:43.474 | INFO     | services.project_service:open_project:156 | Project opened
2026-07-08 00:34:43.526 | INFO     | services.project_service:open_project:156 | Project opened
2026-07-08 00:34:43.594 | INFO     | services.project_service:open_project:156 | Project opened
2026-07-08 00:34:43.632 | INFO     | services.project_service:open_project:156 | Project opened
2026-07-08 00:34:47.451 | INFO     | services.project_service:open_project:156 | Project opened
2026-07-08 00:34:47.486 | INFO     | services.project_service:open_project:156 | Project opened
2026-07-08 00:34:47.519 | INFO     | services.project_service:open_project:156 | Project opened
2026-07-08 00:34:47.548 | INFO     | services.project_service:open_project:156 | Project opened
2026-07-08 00:34:47.576 | INFO     | services.project_service:open_project:156 | Project opened
2026-07-08 00:34:47.611 | INFO     | services.project_service:open_project:156 | Project opened
2026-07-08 00:34:47.646 | INFO     | services.project_service:open_project:156 | Project opened
2026-07-08 00:34:47.678 | INFO     | services.project_service:open_project:156 | Project opened
2026-07-08 00:34:47.709 | INFO     | services.project_service:open_project:156 | Project opened
2026-07-08 00:34:47.741 | INFO     | services.project_service:open_project:156 | Project opened
2026-07-08 00:34:47.772 | INFO     | services.project_service:open_project:156 | Project opened
2026-07-08 00:34:47.802 | INFO     | services.project_service:open_project:156 | Project opened
2026-07-08 00:34:47.834 | INFO     | services.project_service:open_project:156 | Project opened
2026-07-08 00:34:47.861 | INFO     | services.project_service:open_project:156 | Project opened
2026-07-08 00:34:47.891 | INFO     | services.project_service:open_project:156 | Project opened
2026-07-08 00:34:47.921 | INFO     | services.project_service:open_project:156 | Project opened
2026-07-08 00:34:47.939 | INFO     | services.project_service:open_project:156 | Project opened
2026-07-08 00:34:47.978 | INFO     | services.project_service:open_project:156 | Project opened
2026-07-08 00:34:48.008 | INFO     | services.project_service:open_project:156 | Project opened
2026-07-08 00:34:48.037 | INFO     | services.project_service:open_project:156 | Project opened
2026-07-08 00:34:48.065 | INFO     | services.project_service:open_project:156 | Project opened
2026-07-08 00:34:48.094 | INFO     | services.project_service:open_project:156 | Project opened
2026-07-08 00:34:48.123 | INFO     | services.project_service:open_project:156 | Project opened
2026-07-08 00:34:48.155 | INFO     | services.project_service:open_project:156 | Project opened
2026-07-08 00:34:48.184 | INFO     | services.project_service:open_project:156 | Project opened
2026-07-08 00:34:48.212 | INFO     | services.project_service:open_project:156 | Project opened
2026-07-08 00:34:48.241 | INFO     | services.project_service:open_project:156 | Project opened
2026-07-08 00:34:48.270 | INFO     | services.project_service:open_project:156 | Project opened
2026-07-08 00:34:48.308 | INFO     | services.project_service:open_project:156 | Project opened
2026-07-08 00:34:48.345 | INFO     | services.project_service:open_project:156 | Project opened
2026-07-08 00:34:48.373 | INFO     | services.project_service:open_project:156 | Project opened
2026-07-08 00:34:48.402 | INFO     | services.project_service:open_project:156 | Project opened
2026-07-08 00:34:48.432 | INFO     | services.project_service:open_project:156 | Project opened
2026-07-08 00:34:48.460 | INFO     | services.project_service:open_project:156 | Project opened
2026-07-08 00:34:48.486 | INFO     | services.project_service:open_project:156 | Project opened
2026-07-08 00:34:48.515 | INFO     | services.project_service:open_project:156 | Project opened
2026-07-08 00:34:48.544 | INFO     | services.project_service:open_project:156 | Project opened
2026-07-08 00:34:48.586 | INFO     | services.project_service:open_project:156 | Project opened
2026-07-08 00:34:48.614 | INFO     | services.project_service:open_project:156 | Project opened
2026-07-08 00:34:48.651 | INFO     | services.project_service:open_project:156 | Project opened
2026-07-08 00:34:48.681 | INFO     | services.project_service:open_project:156 | Project opened
2026-07-08 00:34:48.709 | INFO     | services.project_service:open_project:156 | Project opened
2026-07-08 00:34:48.739 | INFO     | services.project_service:open_project:156 | Project opened
2026-07-08 00:34:48.770 | INFO     | services.project_service:open_project:156 | Project opened
2026-07-08 00:34:48.800 | INFO     | services.project_service:open_project:156 | Project opened
2026-07-08 00:34:48.831 | INFO     | services.project_service:open_project:156 | Project opened
2026-07-08 00:34:48.867 | INFO     | services.project_service:open_project:156 | Project opened
2026-07-08 00:34:48.903 | INFO     | services.project_service:open_project:156 | Project opened
2026-07-08 00:34:48.925 | INFO     | services.project_service:open_project:156 | Project opened
2026-07-08 00:34:48.965 | INFO     | services.project_service:open_project:156 | Project opened
2026-07-08 00:34:48.996 | INFO     | services.project_service:open_project:156 | Project opened
2026-07-08 00:34:49.017 | INFO     | services.project_service:open_project:156 | Project opened
2026-07-08 00:34:49.050 | INFO     | services.project_service:open_project:156 | Project opened
2026-07-08 00:34:49.072 | INFO     | services.project_service:open_project:156 | Project opened
2026-07-08 00:34:49.105 | INFO     | services.project_service:open_project:156 | Project opened
2026-07-08 00:34:49.136 | INFO     | services.project_service:open_project:156 | Project opened
2026-07-08 00:34:49.172 | INFO     | services.project_service:open_project:156 | Project opened
2026-07-08 00:34:49.211 | INFO     | services.project_service:open_project:156 | Project opened
2026-07-08 00:35:10.671 | INFO     | services.project_service:open_project:156 | Project opened
2026-07-08 00:35:10.685 | INFO     | services.project_service:open_project:156 | Project opened
2026-07-08 00:35:10.722 | INFO     | services.project_service:open_project:156 | Project opened
2026-07-08 00:35:10.753 | INFO     | services.project_service:open_project:156 | Project opened
2026-07-08 00:35:10.783 | INFO     | services.project_service:open_project:156 | Project opened
2026-07-08 00:35:10.835 | INFO     | services.project_service:open_project:156 | Project opened
2026-07-08 00:35:10.867 | INFO     | services.project_service:open_project:156 | Project opened
2026-07-08 00:35:10.897 | INFO     | services.project_service:open_project:156 | Project opened
2026-07-08 00:35:10.926 | INFO     | services.project_service:open_project:156 | Project opened
2026-07-08 00:35:10.955 | INFO     | services.project_service:open_project:156 | Project opened
2026-07-08 00:35:10.985 | INFO     | services.project_service:open_project:156 | Project opened
2026-07-08 00:35:11.016 | INFO     | services.project_service:open_project:156 | Project opened
2026-07-08 00:35:11.054 | INFO     | services.project_service:open_project:156 | Project opened
2026-07-08 00:35:11.085 | INFO     | services.project_service:open_project:156 | Project opened
2026-07-08 00:35:11.115 | INFO     | services.project_service:open_project:156 | Project opened
2026-07-08 00:35:11.146 | INFO     | services.project_service:open_project:156 | Project opened
2026-07-08 00:35:11.177 | INFO     | services.project_service:open_project:156 | Project opened
2026-07-08 00:35:11.204 | INFO     | services.project_service:open_project:156 | Project opened
2026-07-08 00:35:11.232 | INFO     | services.project_service:open_project:156 | Project opened
2026-07-08 00:35:11.260 | INFO     | services.project_service:open_project:156 | Project opened
2026-07-08 00:35:11.293 | INFO     | services.project_service:open_project:156 | Project opened
2026-07-08 00:35:11.323 | INFO     | services.project_service:open_project:156 | Project opened
2026-07-08 00:35:11.353 | INFO     | services.project_service:open_project:156 | Project opened
2026-07-08 00:35:11.385 | INFO     | services.project_service:open_project:156 | Project opened
2026-07-08 00:35:11.416 | INFO     | services.project_service:open_project:156 | Project opened
2026-07-08 00:35:11.444 | INFO     | services.project_service:open_project:156 | Project opened
2026-07-08 00:35:11.475 | INFO     | services.project_service:open_project:156 | Project opened
2026-07-08 00:35:11.506 | INFO     | services.project_service:open_project:156 | Project opened
2026-07-08 00:35:11.566 | INFO     | services.project_service:open_project:156 | Project opened
2026-07-08 00:35:11.621 | INFO     | services.project_service:open_project:156 | Project opened
2026-07-08 00:35:11.671 | INFO     | services.project_service:open_project:156 | Project opened
2026-07-08 00:35:11.726 | INFO     | services.project_service:open_project:156 | Project opened
2026-07-08 00:35:11.765 | INFO     | services.project_service:open_project:156 | Project opened
2026-07-08 00:35:11.823 | INFO     | services.project_service:open_project:156 | Project opened
2026-07-08 01:08:39.701 | INFO     | core.logging:setup_logging:67 | Logging system initialized
2026-07-08 01:08:39.706 | INFO     | main:lifespan:35 | Starting GARUDA v1.0.0
2026-07-08 01:08:39.706 | INFO     | main:lifespan:36 | Environment: development
2026-07-08 01:08:39.727 | INFO     | main:lifespan:38 | Database initialized
2026-07-08 21:54:11.560 | INFO     | core.logging:setup_logging:67 | Logging system initialized
2026-07-08 21:54:11.564 | INFO     | main:lifespan:35 | Starting GARUDA v1.0.0
2026-07-08 21:54:11.564 | INFO     | main:lifespan:36 | Environment: development
2026-07-08 21:54:11.638 | INFO     | main:lifespan:38 | Database initialized
2026-07-08 21:54:38.193 | INFO     | services.project_service:open_project:154 | Project opened
2026-07-08 21:54:38.240 | INFO     | services.project_service:open_project:154 | Project opened
2026-07-08 21:54:38.281 | INFO     | services.project_service:open_project:154 | Project opened
2026-07-08 21:54:38.325 | INFO     | services.project_service:open_project:154 | Project opened
2026-07-08 21:54:38.362 | INFO     | services.project_service:open_project:154 | Project opened
2026-07-08 21:54:38.401 | INFO     | services.project_service:open_project:154 | Project opened
2026-07-08 21:54:38.444 | INFO     | services.project_service:open_project:154 | Project opened
2026-07-08 21:54:38.492 | INFO     | services.project_service:open_project:154 | Project opened
2026-07-08 21:54:38.529 | INFO     | services.project_service:open_project:154 | Project opened
2026-07-08 21:54:38.576 | INFO     | services.project_service:open_project:154 | Project opened
2026-07-08 21:54:38.624 | INFO     | services.project_service:open_project:154 | Project opened
2026-07-08 21:54:38.663 | INFO     | services.project_service:open_project:154 | Project opened
2026-07-08 21:54:38.701 | INFO     | services.project_service:open_project:154 | Project opened
2026-07-08 21:54:38.741 | INFO     | services.project_service:open_project:154 | Project opened
2026-07-08 21:54:38.782 | INFO     | services.project_service:open_project:154 | Project opened
2026-07-08 21:54:38.823 | INFO     | services.project_service:open_project:154 | Project opened
2026-07-08 21:54:38.867 | INFO     | services.project_service:open_project:154 | Project opened
2026-07-08 21:54:38.906 | INFO     | services.project_service:open_project:154 | Project opened
2026-07-08 21:54:38.949 | INFO     | services.project_service:open_project:154 | Project opened
2026-07-08 21:54:39.000 | INFO     | services.project_service:open_project:154 | Project opened
2026-07-08 21:54:39.043 | INFO     | services.project_service:open_project:154 | Project opened
2026-07-08 21:54:39.096 | INFO     | services.project_service:open_project:154 | Project opened
2026-07-08 21:54:51.632 | INFO     | services.project_service:open_project:154 | Project opened
2026-07-08 21:54:51.646 | INFO     | services.project_service:open_project:154 | Project opened
2026-07-08 21:54:51.673 | INFO     | services.project_service:open_project:154 | Project opened
2026-07-08 21:54:51.721 | INFO     | services.project_service:open_project:154 | Project opened
2026-07-08 21:54:51.764 | INFO     | services.project_service:open_project:154 | Project opened
2026-07-08 21:54:51.796 | INFO     | services.project_service:open_project:154 | Project opened
2026-07-08 21:54:51.835 | INFO     | services.project_service:open_project:154 | Project opened
2026-07-08 21:54:51.879 | INFO     | services.project_service:open_project:154 | Project opened
2026-07-08 21:54:51.915 | INFO     | services.project_service:open_project:154 | Project opened
2026-07-08 21:54:51.957 | INFO     | services.project_service:open_project:154 | Project opened
2026-07-08 21:54:52.001 | INFO     | services.project_service:open_project:154 | Project opened
2026-07-08 21:54:52.045 | INFO     | services.project_service:open_project:154 | Project opened
2026-07-08 21:54:52.081 | INFO     | services.project_service:open_project:154 | Project opened
2026-07-08 21:54:52.115 | INFO     | services.project_service:open_project:154 | Project opened
2026-07-08 21:54:52.153 | INFO     | services.project_service:open_project:154 | Project opened
2026-07-08 21:54:52.191 | INFO     | services.project_service:open_project:154 | Project opened
2026-07-08 21:54:52.224 | INFO     | services.project_service:open_project:154 | Project opened
2026-07-08 21:54:52.260 | INFO     | services.project_service:open_project:154 | Project opened
2026-07-08 21:54:52.299 | INFO     | services.project_service:open_project:154 | Project opened
2026-07-08 21:54:52.338 | INFO     | services.project_service:open_project:154 | Project opened
2026-07-08 21:54:52.375 | INFO     | services.project_service:open_project:154 | Project opened
2026-07-08 21:54:52.416 | INFO     | services.project_service:open_project:154 | Project opened
2026-07-08 21:54:52.455 | INFO     | services.project_service:open_project:154 | Project opened
2026-07-08 21:54:52.499 | INFO     | services.project_service:open_project:154 | Project opened
2026-07-08 21:54:52.545 | INFO     | services.project_service:open_project:154 | Project opened
2026-07-08 21:54:52.587 | INFO     | services.project_service:open_project:154 | Project opened
2026-07-08 21:54:52.626 | INFO     | services.project_service:open_project:154 | Project opened
2026-07-08 21:54:52.665 | INFO     | services.project_service:open_project:154 | Project opened
2026-07-08 21:54:52.699 | INFO     | services.project_service:open_project:154 | Project opened
2026-07-08 21:54:52.730 | INFO     | services.project_service:open_project:154 | Project opened
2026-07-08 21:54:52.767 | INFO     | services.project_service:open_project:154 | Project opened
2026-07-08 21:54:52.803 | INFO     | services.project_service:open_project:154 | Project opened
2026-07-08 21:54:52.841 | INFO     | services.project_service:open_project:154 | Project opened
2026-07-08 21:54:52.873 | INFO     | services.project_service:open_project:154 | Project opened
2026-07-08 21:54:52.912 | INFO     | services.project_service:open_project:154 | Project opened
2026-07-08 21:54:52.950 | INFO     | services.project_service:open_project:154 | Project opened
2026-07-08 21:55:06.170 | INFO     | services.project_service:open_project:154 | Project opened
2026-07-08 21:55:06.185 | INFO     | services.project_service:open_project:154 | Project opened
2026-07-08 21:55:06.246 | INFO     | services.project_service:open_project:154 | Project opened
2026-07-08 21:55:06.287 | INFO     | services.project_service:open_project:154 | Project opened
2026-07-08 21:55:06.327 | INFO     | services.project_service:open_project:154 | Project opened
2026-07-08 21:55:06.363 | INFO     | services.project_service:open_project:154 | Project opened
2026-07-08 21:55:06.400 | INFO     | services.project_service:open_project:154 | Project opened
2026-07-08 21:55:06.447 | INFO     | services.project_service:open_project:154 | Project opened
2026-07-08 21:55:06.487 | INFO     | services.project_service:open_project:154 | Project opened
2026-07-08 21:55:06.525 | INFO     | services.project_service:open_project:154 | Project opened
2026-07-08 21:55:06.571 | INFO     | services.project_service:open_project:154 | Project opened
2026-07-08 21:55:06.606 | INFO     | services.project_service:open_project:154 | Project opened
2026-07-08 21:55:06.640 | INFO     | services.project_service:open_project:154 | Project opened
2026-07-08 21:55:06.678 | INFO     | services.project_service:open_project:154 | Project opened
2026-07-08 21:55:06.716 | INFO     | services.project_service:open_project:154 | Project opened
2026-07-08 21:55:06.754 | INFO     | services.project_service:open_project:154 | Project opened
2026-07-08 21:55:06.786 | INFO     | services.project_service:open_project:154 | Project opened
2026-07-08 21:55:06.824 | INFO     | services.project_service:open_project:154 | Project opened
2026-07-08 21:55:06.875 | INFO     | services.project_service:open_project:154 | Project opened
2026-07-08 21:55:06.917 | INFO     | services.project_service:open_project:154 | Project opened
2026-07-08 21:55:06.964 | INFO     | services.project_service:open_project:154 | Project opened
2026-07-08 21:55:07.006 | INFO     | services.project_service:open_project:154 | Project opened
2026-07-08 21:55:07.050 | INFO     | services.project_service:open_project:154 | Project opened
2026-07-08 21:55:07.087 | INFO     | services.project_service:open_project:154 | Project opened
2026-07-08 21:55:07.120 | INFO     | services.project_service:open_project:154 | Project opened
2026-07-08 21:55:07.159 | INFO     | services.project_service:open_project:154 | Project opened
2026-07-08 21:55:07.194 | INFO     | services.project_service:open_project:154 | Project opened
2026-07-08 21:55:07.263 | INFO     | services.project_service:open_project:154 | Project opened
2026-07-08 21:55:07.304 | INFO     | services.project_service:open_project:154 | Project opened
2026-07-08 21:55:07.343 | INFO     | services.project_service:open_project:154 | Project opened
2026-07-08 21:55:07.394 | INFO     | services.project_service:open_project:154 | Project opened
2026-07-08 21:55:07.479 | INFO     | services.project_service:open_project:154 | Project opened
2026-07-08 21:56:10.045 | INFO     | services.project_service:create_project:127 | Project created
2026-07-08 21:56:11.583 | INFO     | services.project_service:open_project:154 | Project opened
2026-07-08 21:56:11.629 | INFO     | services.project_service:open_project:154 | Project opened
2026-07-08 21:56:11.666 | INFO     | services.project_service:open_project:154 | Project opened
2026-07-08 21:56:11.703 | INFO     | services.project_service:open_project:154 | Project opened
2026-07-08 21:56:11.742 | INFO     | services.project_service:open_project:154 | Project opened
2026-07-08 21:56:11.782 | INFO     | services.project_service:open_project:154 | Project opened
2026-07-08 21:56:11.821 | INFO     | services.project_service:open_project:154 | Project opened
2026-07-08 21:56:11.862 | INFO     | services.project_service:open_project:154 | Project opened
2026-07-08 21:56:11.902 | INFO     | services.project_service:open_project:154 | Project opened
2026-07-08 21:56:11.942 | INFO     | services.project_service:open_project:154 | Project opened
2026-07-08 21:56:11.987 | INFO     | services.project_service:open_project:154 | Project opened
2026-07-08 21:56:12.031 | INFO     | services.project_service:open_project:154 | Project opened
2026-07-08 21:56:12.066 | INFO     | services.project_service:open_project:154 | Project opened
2026-07-08 21:56:12.111 | INFO     | services.project_service:open_project:154 | Project opened
2026-07-08 21:56:12.151 | INFO     | services.project_service:open_project:154 | Project opened
2026-07-08 21:56:12.190 | INFO     | services.project_service:open_project:154 | Project opened
2026-07-08 21:56:12.227 | INFO     | services.project_service:open_project:154 | Project opened
2026-07-08 21:56:12.262 | INFO     | services.project_service:open_project:154 | Project opened
2026-07-08 21:56:12.301 | INFO     | services.project_service:open_project:154 | Project opened
2026-07-08 21:56:12.339 | INFO     | services.project_service:open_project:154 | Project opened
2026-07-08 21:56:12.375 | INFO     | services.project_service:open_project:154 | Project opened
2026-07-08 21:56:12.413 | INFO     | services.project_service:open_project:154 | Project opened
2026-07-08 21:56:12.454 | INFO     | services.project_service:open_project:154 | Project opened
2026-07-08 21:56:12.498 | INFO     | services.project_service:open_project:154 | Project opened
2026-07-08 21:56:12.531 | INFO     | services.project_service:open_project:154 | Project opened
2026-07-08 21:56:12.569 | INFO     | services.project_service:open_project:154 | Project opened
2026-07-08 21:56:12.610 | INFO     | services.project_service:open_project:154 | Project opened
2026-07-08 21:56:12.659 | INFO     | services.project_service:open_project:154 | Project opened
2026-07-08 21:56:12.703 | INFO     | services.project_service:open_project:154 | Project opened
2026-07-08 21:56:12.744 | INFO     | services.project_service:open_project:154 | Project opened
2026-07-08 21:56:12.797 | INFO     | services.project_service:open_project:154 | Project opened
2026-07-08 21:56:12.871 | INFO     | services.project_service:open_project:154 | Project opened
2026-07-08 21:56:12.925 | INFO     | services.project_service:open_project:154 | Project opened
2026-07-08 21:56:12.991 | INFO     | services.project_service:open_project:154 | Project opened
2026-07-08 21:56:13.112 | INFO     | services.project_service:open_project:154 | Project opened
2026-07-08 21:56:13.154 | INFO     | services.project_service:open_project:154 | Project opened
2026-07-08 21:56:13.192 | INFO     | services.project_service:open_project:154 | Project opened
2026-07-08 21:56:13.226 | INFO     | services.project_service:open_project:154 | Project opened
2026-07-08 21:56:13.261 | INFO     | services.project_service:open_project:154 | Project opened
2026-07-08 21:56:17.903 | INFO     | services.project_service:open_project:154 | Project opened
2026-07-08 21:56:17.954 | INFO     | services.project_service:open_project:154 | Project opened
2026-07-08 21:56:18.019 | INFO     | services.project_service:open_project:154 | Project opened
2026-07-08 21:56:18.062 | INFO     | services.project_service:open_project:154 | Project opened
2026-07-08 21:56:18.102 | INFO     | services.project_service:open_project:154 | Project opened
2026-07-08 21:56:18.140 | INFO     | services.project_service:open_project:154 | Project opened
2026-07-08 21:56:18.179 | INFO     | services.project_service:open_project:154 | Project opened
2026-07-08 21:56:18.214 | INFO     | services.project_service:open_project:154 | Project opened
2026-07-08 21:56:18.263 | INFO     | services.project_service:open_project:154 | Project opened
2026-07-08 21:56:18.316 | INFO     | services.project_service:open_project:154 | Project opened
2026-07-08 21:56:18.368 | INFO     | services.project_service:open_project:154 | Project opened
2026-07-08 21:56:18.417 | INFO     | services.project_service:open_project:154 | Project opened
2026-07-08 21:56:18.476 | INFO     | services.project_service:open_project:154 | Project opened
2026-07-08 21:56:18.525 | INFO     | services.project_service:open_project:154 | Project opened
2026-07-08 21:56:18.563 | INFO     | services.project_service:open_project:154 | Project opened
2026-07-08 21:56:18.603 | INFO     | services.project_service:open_project:154 | Project opened
2026-07-08 21:56:18.647 | INFO     | services.project_service:open_project:154 | Project opened
2026-07-08 21:56:18.693 | INFO     | services.project_service:open_project:154 | Project opened
2026-07-08 21:56:18.745 | INFO     | services.project_service:open_project:154 | Project opened
2026-07-08 21:56:18.795 | INFO     | services.project_service:open_project:154 | Project opened
2026-07-08 21:56:18.834 | INFO     | services.project_service:open_project:154 | Project opened
2026-07-08 21:56:18.880 | INFO     | services.project_service:open_project:154 | Project opened
2026-07-08 21:56:18.918 | INFO     | services.project_service:open_project:154 | Project opened
2026-07-08 21:56:18.972 | INFO     | services.project_service:open_project:154 | Project opened
2026-07-08 21:56:25.037 | INFO     | services.project_service:open_project:154 | Project opened
2026-07-08 21:56:25.072 | INFO     | services.project_service:open_project:154 | Project opened
2026-07-08 21:56:25.116 | INFO     | services.project_service:open_project:154 | Project opened
2026-07-08 21:56:25.160 | INFO     | services.project_service:open_project:154 | Project opened
2026-07-08 21:56:25.212 | INFO     | services.project_service:open_project:154 | Project opened
2026-07-08 21:56:25.263 | INFO     | services.project_service:open_project:154 | Project opened
2026-07-08 21:56:25.308 | INFO     | services.project_service:open_project:154 | Project opened
2026-07-08 21:56:25.350 | INFO     | services.project_service:open_project:154 | Project opened
2026-07-08 21:56:25.406 | INFO     | services.project_service:open_project:154 | Project opened
2026-07-08 21:56:25.449 | INFO     | services.project_service:open_project:154 | Project opened
2026-07-08 21:56:25.494 | INFO     | services.project_service:open_project:154 | Project opened
2026-07-08 21:56:25.533 | INFO     | services.project_service:open_project:154 | Project opened
2026-07-08 21:56:25.571 | INFO     | services.project_service:open_project:154 | Project opened
2026-07-08 21:56:25.610 | INFO     | services.project_service:open_project:154 | Project opened
2026-07-08 21:56:25.647 | INFO     | services.project_service:open_project:154 | Project opened
2026-07-08 21:56:25.681 | INFO     | services.project_service:open_project:154 | Project opened
2026-07-08 21:56:25.716 | INFO     | services.project_service:open_project:154 | Project opened
2026-07-08 21:56:25.749 | INFO     | services.project_service:open_project:154 | Project opened
2026-07-08 21:56:25.789 | INFO     | services.project_service:open_project:154 | Project opened
2026-07-08 21:56:25.838 | INFO     | services.project_service:open_project:154 | Project opened
2026-07-08 21:56:25.880 | INFO     | services.project_service:open_project:154 | Project opened
2026-07-08 21:56:25.916 | INFO     | services.project_service:open_project:154 | Project opened
2026-07-08 21:56:25.962 | INFO     | services.project_service:open_project:154 | Project opened
2026-07-08 21:56:26.059 | INFO     | services.project_service:open_project:154 | Project opened
2026-07-08 21:56:26.104 | INFO     | services.project_service:open_project:154 | Project opened
2026-07-08 21:56:26.157 | INFO     | services.project_service:open_project:154 | Project opened
2026-07-08 21:56:26.191 | INFO     | services.project_service:open_project:154 | Project opened
2026-07-08 21:56:26.229 | INFO     | services.project_service:open_project:154 | Project opened
2026-07-08 21:56:28.121 | INFO     | services.project_service:open_project:154 | Project opened
2026-07-08 21:56:28.142 | INFO     | services.project_service:open_project:154 | Project opened
2026-07-08 21:56:28.188 | INFO     | services.project_service:open_project:154 | Project opened
2026-07-08 21:56:28.225 | INFO     | services.project_service:open_project:154 | Project opened
2026-07-08 21:56:28.270 | INFO     | services.project_service:open_project:154 | Project opened
2026-07-08 21:56:28.309 | INFO     | services.project_service:open_project:154 | Project opened
2026-07-08 21:56:28.347 | INFO     | services.project_service:open_project:154 | Project opened
2026-07-08 21:56:28.381 | INFO     | services.project_service:open_project:154 | Project opened
2026-07-08 21:56:28.417 | INFO     | services.project_service:open_project:154 | Project opened
2026-07-08 21:56:28.463 | INFO     | services.project_service:open_project:154 | Project opened
2026-07-08 21:56:28.509 | INFO     | services.project_service:open_project:154 | Project opened
2026-07-08 21:56:28.550 | INFO     | services.project_service:open_project:154 | Project opened
2026-07-08 21:56:28.590 | INFO     | services.project_service:open_project:154 | Project opened
2026-07-08 21:56:28.627 | INFO     | services.project_service:open_project:154 | Project opened
2026-07-08 21:56:28.663 | INFO     | services.project_service:open_project:154 | Project opened
2026-07-08 21:56:28.697 | INFO     | services.project_service:open_project:154 | Project opened
2026-07-08 21:56:28.737 | INFO     | services.project_service:open_project:154 | Project opened
2026-07-08 21:56:28.777 | INFO     | services.project_service:open_project:154 | Project opened
2026-07-08 21:56:28.816 | INFO     | services.project_service:open_project:154 | Project opened
2026-07-08 21:56:28.854 | INFO     | services.project_service:open_project:154 | Project opened
2026-07-08 21:56:28.896 | INFO     | services.project_service:open_project:154 | Project opened
2026-07-08 21:56:28.932 | INFO     | services.project_service:open_project:154 | Project opened
2026-07-08 21:56:28.968 | INFO     | services.project_service:open_project:154 | Project opened
2026-07-08 21:56:29.005 | INFO     | services.project_service:open_project:154 | Project opened
2026-07-08 21:56:29.050 | INFO     | services.project_service:open_project:154 | Project opened
2026-07-08 21:56:29.122 | INFO     | services.project_service:open_project:154 | Project opened
2026-07-08 21:56:29.171 | INFO     | services.project_service:open_project:154 | Project opened
2026-07-08 21:56:29.241 | INFO     | services.project_service:open_project:154 | Project opened
2026-07-08 21:56:29.316 | INFO     | services.project_service:open_project:154 | Project opened
2026-07-08 21:56:29.358 | INFO     | services.project_service:open_project:154 | Project opened
2026-07-08 21:56:29.466 | INFO     | services.project_service:open_project:154 | Project opened
2026-07-08 21:56:41.698 | INFO     | services.project_service:open_project:154 | Project opened
2026-07-08 21:56:41.711 | INFO     | services.project_service:open_project:154 | Project opened
2026-07-08 21:56:41.726 | INFO     | services.project_service:open_project:154 | Project opened
2026-07-08 21:56:41.781 | INFO     | services.project_service:open_project:154 | Project opened
2026-07-08 21:56:41.821 | INFO     | services.project_service:open_project:154 | Project opened
2026-07-08 21:56:41.861 | INFO     | services.project_service:open_project:154 | Project opened
2026-07-08 21:56:41.898 | INFO     | services.project_service:open_project:154 | Project opened
2026-07-08 21:56:41.936 | INFO     | services.project_service:open_project:154 | Project opened
2026-07-08 21:56:41.979 | INFO     | services.project_service:open_project:154 | Project opened
2026-07-08 21:56:42.016 | INFO     | services.project_service:open_project:154 | Project opened
2026-07-08 21:56:42.058 | INFO     | services.project_service:open_project:154 | Project opened
2026-07-08 21:56:42.108 | INFO     | services.project_service:open_project:154 | Project opened
2026-07-08 21:56:42.142 | INFO     | services.project_service:open_project:154 | Project opened
2026-07-08 21:56:42.180 | INFO     | services.project_service:open_project:154 | Project opened
2026-07-08 21:56:42.217 | INFO     | services.project_service:open_project:154 | Project opened
2026-07-08 21:56:42.258 | INFO     | services.project_service:open_project:154 | Project opened
2026-07-08 21:56:42.322 | INFO     | services.project_service:open_project:154 | Project opened
2026-07-08 21:56:42.356 | INFO     | services.project_service:open_project:154 | Project opened
2026-07-08 21:56:42.403 | INFO     | services.project_service:open_project:154 | Project opened
2026-07-08 21:56:42.446 | INFO     | services.project_service:open_project:154 | Project opened
2026-07-08 21:56:42.496 | INFO     | services.project_service:open_project:154 | Project opened
2026-07-08 21:56:42.535 | INFO     | services.project_service:open_project:154 | Project opened
2026-07-08 21:56:42.577 | INFO     | services.project_service:open_project:154 | Project opened
2026-07-08 21:56:42.619 | INFO     | services.project_service:open_project:154 | Project opened
2026-07-08 21:56:42.662 | INFO     | services.project_service:open_project:154 | Project opened
2026-07-08 21:56:42.711 | INFO     | services.project_service:open_project:154 | Project opened
2026-07-08 21:56:42.749 | INFO     | services.project_service:open_project:154 | Project opened
2026-07-08 21:56:42.789 | INFO     | services.project_service:open_project:154 | Project opened
2026-07-08 21:56:42.822 | INFO     | services.project_service:open_project:154 | Project opened
2026-07-08 21:56:42.874 | INFO     | services.project_service:open_project:154 | Project opened
2026-07-08 21:56:42.939 | INFO     | services.project_service:open_project:154 | Project opened
2026-07-22 21:27:52.937 | INFO     | core.logging:setup_logging:67 | Logging system initialized
2026-07-22 21:27:52.942 | INFO     | main:lifespan:35 | Starting GARUDA v1.0.0
2026-07-22 21:27:52.943 | INFO     | main:lifespan:36 | Environment: development
2026-07-22 21:27:53.025 | INFO     | main:lifespan:38 | Database initialized
2026-07-22 21:28:14.751 | INFO     | services.project_service:create_project:127 | Project created
2026-07-22 21:28:16.168 | INFO     | services.project_service:open_project:154 | Project opened
2026-07-22 21:28:16.204 | INFO     | services.project_service:open_project:154 | Project opened
2026-07-22 21:28:16.246 | INFO     | services.project_service:open_project:154 | Project opened
2026-07-22 21:28:16.279 | INFO     | services.project_service:open_project:154 | Project opened
2026-07-22 21:28:16.316 | INFO     | services.project_service:open_project:154 | Project opened
2026-07-22 21:28:16.356 | INFO     | services.project_service:open_project:154 | Project opened
2026-07-22 21:28:16.392 | INFO     | services.project_service:open_project:154 | Project opened
2026-07-22 21:28:16.426 | INFO     | services.project_service:open_project:154 | Project opened
2026-07-22 21:28:16.459 | INFO     | services.project_service:open_project:154 | Project opened
2026-07-22 21:28:16.494 | INFO     | services.project_service:open_project:154 | Project opened
2026-07-22 21:28:16.526 | INFO     | services.project_service:open_project:154 | Project opened
2026-07-22 21:28:16.558 | INFO     | services.project_service:open_project:154 | Project opened
2026-07-22 21:28:16.618 | INFO     | services.project_service:open_project:154 | Project opened
2026-07-22 21:28:16.665 | INFO     | services.project_service:open_project:154 | Project opened
2026-07-22 21:28:16.708 | INFO     | services.project_service:open_project:154 | Project opened
2026-07-22 21:28:16.771 | INFO     | services.project_service:open_project:154 | Project opened
2026-07-22 21:28:16.807 | INFO     | services.project_service:open_project:154 | Project opened
2026-07-22 21:28:16.846 | INFO     | services.project_service:open_project:154 | Project opened
2026-07-22 21:28:16.884 | INFO     | services.project_service:open_project:154 | Project opened
2026-07-22 21:28:16.919 | INFO     | services.project_service:open_project:154 | Project opened
2026-07-22 21:28:16.951 | INFO     | services.project_service:open_project:154 | Project opened
2026-07-22 21:28:16.991 | INFO     | services.project_service:open_project:154 | Project opened
2026-07-22 21:28:17.032 | INFO     | services.project_service:open_project:154 | Project opened
2026-07-22 21:28:17.083 | INFO     | services.project_service:open_project:154 | Project opened
2026-07-22 21:28:17.125 | INFO     | services.project_service:open_project:154 | Project opened
2026-07-22 21:28:17.163 | INFO     | services.project_service:open_project:154 | Project opened
2026-07-22 21:28:17.200 | INFO     | services.project_service:open_project:154 | Project opened
2026-07-22 21:28:17.234 | INFO     | services.project_service:open_project:154 | Project opened
2026-07-22 21:28:17.270 | INFO     | services.project_service:open_project:154 | Project opened
2026-07-22 21:28:17.298 | INFO     | services.project_service:open_project:154 | Project opened
2026-07-22 21:28:17.334 | INFO     | services.project_service:open_project:154 | Project opened
2026-07-22 21:28:17.368 | INFO     | services.project_service:open_project:154 | Project opened
2026-07-22 21:28:17.404 | INFO     | services.project_service:open_project:154 | Project opened
2026-07-22 21:28:17.434 | INFO     | services.project_service:open_project:154 | Project opened
2026-07-22 21:28:17.468 | INFO     | services.project_service:open_project:154 | Project opened
2026-07-22 21:28:17.501 | INFO     | services.project_service:open_project:154 | Project opened
2026-07-22 21:28:17.536 | INFO     | services.project_service:open_project:154 | Project opened
2026-07-22 21:28:17.572 | INFO     | services.project_service:open_project:154 | Project opened
2026-07-22 21:28:17.607 | INFO     | services.project_service:open_project:154 | Project opened
2026-07-22 21:28:17.644 | INFO     | services.project_service:open_project:154 | Project opened
2026-07-22 21:28:17.681 | INFO     | services.project_service:open_project:154 | Project opened
2026-07-22 21:28:17.712 | INFO     | services.project_service:open_project:154 | Project opened
2026-07-22 21:28:17.754 | INFO     | services.project_service:open_project:154 | Project opened
2026-07-22 21:28:17.789 | INFO     | services.project_service:open_project:154 | Project opened
2026-07-22 21:28:17.823 | INFO     | services.project_service:open_project:154 | Project opened
2026-07-22 21:28:17.871 | INFO     | services.project_service:open_project:154 | Project opened
2026-07-22 21:28:17.935 | INFO     | services.project_service:open_project:154 | Project opened
2026-07-22 21:28:17.990 | INFO     | services.project_service:open_project:154 | Project opened
2026-07-22 21:28:18.039 | INFO     | services.project_service:open_project:154 | Project opened
2026-07-22 21:28:18.087 | INFO     | services.project_service:open_project:154 | Project opened
2026-07-22 21:28:18.127 | INFO     | services.project_service:open_project:154 | Project opened
2026-07-22 21:28:18.164 | INFO     | services.project_service:open_project:154 | Project opened
2026-07-22 21:28:18.199 | INFO     | services.project_service:open_project:154 | Project opened
2026-07-22 21:28:18.230 | INFO     | services.project_service:open_project:154 | Project opened
2026-07-22 21:28:18.271 | INFO     | services.project_service:open_project:154 | Project opened
2026-07-22 21:28:18.304 | INFO     | services.project_service:open_project:154 | Project opened
2026-07-22 21:28:18.342 | INFO     | services.project_service:open_project:154 | Project opened
2026-07-22 21:28:18.385 | INFO     | services.project_service:open_project:154 | Project opened
2026-07-22 21:28:18.426 | INFO     | services.project_service:open_project:154 | Project opened
2026-07-22 21:28:18.457 | INFO     | services.project_service:open_project:154 | Project opened
2026-07-22 21:28:18.492 | INFO     | services.project_service:open_project:154 | Project opened
2026-07-22 21:28:18.527 | INFO     | services.project_service:open_project:154 | Project opened
2026-07-22 21:28:24.794 | INFO     | services.project_service:open_project:154 | Project opened
2026-07-22 21:28:24.808 | INFO     | services.project_service:open_project:154 | Project opened
2026-07-22 21:28:24.889 | INFO     | services.project_service:open_project:154 | Project opened
2026-07-22 21:28:24.945 | INFO     | services.project_service:open_project:154 | Project opened
2026-07-22 21:28:25.005 | INFO     | services.project_service:open_project:154 | Project opened
2026-07-22 21:28:25.059 | INFO     | services.project_service:open_project:154 | Project opened
2026-07-22 21:28:25.100 | INFO     | services.project_service:open_project:154 | Project opened
2026-07-22 21:28:25.140 | INFO     | services.project_service:open_project:154 | Project opened
2026-07-22 21:28:25.179 | INFO     | services.project_service:open_project:154 | Project opened
2026-07-22 21:28:25.216 | INFO     | services.project_service:open_project:154 | Project opened
2026-07-22 21:28:25.250 | INFO     | services.project_service:open_project:154 | Project opened
2026-07-22 21:28:25.287 | INFO     | services.project_service:open_project:154 | Project opened
2026-07-22 21:28:25.329 | INFO     | services.project_service:open_project:154 | Project opened
2026-07-22 21:28:25.372 | INFO     | services.project_service:open_project:154 | Project opened
2026-07-22 21:28:25.423 | INFO     | services.project_service:open_project:154 | Project opened
2026-07-22 21:28:25.460 | INFO     | services.project_service:open_project:154 | Project opened
2026-07-22 21:28:25.498 | INFO     | services.project_service:open_project:154 | Project opened
2026-07-22 21:28:25.533 | INFO     | services.project_service:open_project:154 | Project opened
2026-07-22 21:28:25.569 | INFO     | services.project_service:open_project:154 | Project opened
2026-07-22 21:28:25.608 | INFO     | services.project_service:open_project:154 | Project opened
2026-07-22 21:28:25.642 | INFO     | services.project_service:open_project:154 | Project opened
2026-07-22 21:28:25.685 | INFO     | services.project_service:open_project:154 | Project opened
2026-07-22 21:28:25.722 | INFO     | services.project_service:open_project:154 | Project opened
2026-07-22 21:28:25.768 | INFO     | services.project_service:open_project:154 | Project opened
2026-07-22 21:28:25.809 | INFO     | services.project_service:open_project:154 | Project opened
2026-07-22 21:28:25.853 | INFO     | services.project_service:open_project:154 | Project opened
2026-07-22 21:28:25.891 | INFO     | services.project_service:open_project:154 | Project opened
2026-07-22 21:28:25.927 | INFO     | services.project_service:open_project:154 | Project opened
2026-07-22 21:28:25.974 | INFO     | services.project_service:open_project:154 | Project opened
2026-07-22 21:28:26.010 | INFO     | services.project_service:open_project:154 | Project opened
2026-07-22 21:28:26.049 | INFO     | services.project_service:open_project:154 | Project opened
2026-07-22 21:28:26.088 | INFO     | services.project_service:open_project:154 | Project opened
2026-07-22 21:28:26.126 | INFO     | services.project_service:open_project:154 | Project opened
2026-07-22 21:28:26.170 | INFO     | services.project_service:open_project:154 | Project opened
2026-07-22 21:28:26.210 | INFO     | services.project_service:open_project:154 | Project opened
2026-07-22 21:28:26.252 | INFO     | services.project_service:open_project:154 | Project opened
2026-07-22 21:28:26.309 | INFO     | services.project_service:open_project:154 | Project opened
2026-07-22 21:28:26.357 | INFO     | services.project_service:open_project:154 | Project opened
2026-07-22 21:28:26.417 | INFO     | services.project_service:open_project:154 | Project opened
2026-07-22 21:28:26.460 | INFO     | services.project_service:open_project:154 | Project opened
2026-07-22 21:28:26.502 | INFO     | services.project_service:open_project:154 | Project opened
2026-07-22 21:28:26.543 | INFO     | services.project_service:open_project:154 | Project opened
2026-07-22 21:28:26.588 | INFO     | services.project_service:open_project:154 | Project opened
2026-07-22 21:28:26.629 | INFO     | services.project_service:open_project:154 | Project opened
2026-07-22 21:28:26.670 | INFO     | services.project_service:open_project:154 | Project opened
2026-07-22 21:28:26.707 | INFO     | services.project_service:open_project:154 | Project opened
2026-07-22 21:28:26.744 | INFO     | services.project_service:open_project:154 | Project opened
2026-07-22 21:28:26.781 | INFO     | services.project_service:open_project:154 | Project opened
2026-07-22 21:28:26.819 | INFO     | services.project_service:open_project:154 | Project opened
2026-07-22 21:28:26.857 | INFO     | services.project_service:open_project:154 | Project opened
2026-07-22 21:28:26.900 | INFO     | services.project_service:open_project:154 | Project opened
2026-07-22 21:28:26.955 | INFO     | services.project_service:open_project:154 | Project opened
2026-07-22 21:28:27.021 | INFO     | services.project_service:open_project:154 | Project opened
2026-07-22 21:28:27.072 | INFO     | services.project_service:open_project:154 | Project opened
2026-07-22 21:28:27.113 | INFO     | services.project_service:open_project:154 | Project opened
2026-07-22 21:28:27.149 | INFO     | services.project_service:open_project:154 | Project opened
2026-07-22 21:28:27.192 | INFO     | services.project_service:open_project:154 | Project opened
2026-07-22 21:28:27.226 | INFO     | services.project_service:open_project:154 | Project opened
2026-07-22 21:28:27.267 | INFO     | services.project_service:open_project:154 | Project opened
2026-07-22 21:28:27.299 | INFO     | services.project_service:open_project:154 | Project opened
2026-07-22 21:28:27.339 | INFO     | services.project_service:open_project:154 | Project opened
2026-07-22 21:28:27.379 | INFO     | services.project_service:open_project:154 | Project opened
2026-07-22 21:28:27.408 | INFO     | services.project_service:open_project:154 | Project opened
2026-07-22 21:28:27.441 | INFO     | services.project_service:open_project:154 | Project opened
2026-07-22 21:28:27.474 | INFO     | services.project_service:open_project:154 | Project opened
2026-07-22 21:28:27.505 | INFO     | services.project_service:open_project:154 | Project opened
2026-07-22 21:28:27.539 | INFO     | services.project_service:open_project:154 | Project opened
2026-07-22 21:28:27.572 | INFO     | services.project_service:open_project:154 | Project opened
2026-07-22 21:28:27.609 | INFO     | services.project_service:open_project:154 | Project opened
2026-07-22 21:28:27.644 | INFO     | services.project_service:open_project:154 | Project opened
2026-07-22 21:28:27.682 | INFO     | services.project_service:open_project:154 | Project opened
2026-07-22 21:28:27.715 | INFO     | services.project_service:open_project:154 | Project opened
2026-07-22 21:28:27.755 | INFO     | services.project_service:open_project:154 | Project opened
2026-07-22 21:28:27.794 | INFO     | services.project_service:open_project:154 | Project opened
2026-07-22 21:28:27.849 | INFO     | services.project_service:open_project:154 | Project opened
2026-07-22 21:28:27.908 | INFO     | services.project_service:open_project:154 | Project opened
2026-07-22 21:28:27.975 | INFO     | services.project_service:open_project:154 | Project opened
2026-07-22 21:28:28.025 | INFO     | services.project_service:open_project:154 | Project opened
2026-07-22 21:28:28.074 | INFO     | services.project_service:open_project:154 | Project opened
2026-07-22 21:28:28.117 | INFO     | services.project_service:open_project:154 | Project opened
2026-07-22 21:28:28.158 | INFO     | services.project_service:open_project:154 | Project opened
2026-07-22 21:28:28.201 | INFO     | services.project_service:open_project:154 | Project opened
2026-07-22 21:28:28.237 | INFO     | services.project_service:open_project:154 | Project opened
2026-07-22 21:28:28.277 | INFO     | services.project_service:open_project:154 | Project opened
2026-07-22 21:28:28.315 | INFO     | services.project_service:open_project:154 | Project opened
2026-07-22 21:28:28.363 | INFO     | services.project_service:open_project:154 | Project opened
2026-07-22 21:28:28.410 | INFO     | services.project_service:open_project:154 | Project opened
2026-07-22 21:28:28.449 | INFO     | services.project_service:open_project:154 | Project opened
2026-07-22 21:28:28.489 | INFO     | services.project_service:open_project:154 | Project opened
2026-07-22 21:28:28.530 | INFO     | services.project_service:open_project:154 | Project opened
2026-07-22 21:28:28.565 | INFO     | services.project_service:open_project:154 | Project opened
2026-07-22 21:28:28.604 | INFO     | services.project_service:open_project:154 | Project opened
2026-07-22 21:29:32.275 | INFO     | core.logging:setup_logging:67 | Logging system initialized
2026-07-22 21:29:32.293 | INFO     | main:lifespan:35 | Starting GARUDA v1.0.0
2026-07-22 21:29:32.293 | INFO     | main:lifespan:36 | Environment: development
2026-07-22 21:29:32.313 | INFO     | main:lifespan:38 | Database initialized
2026-07-22 21:29:32.740 | INFO     | main:lifespan:42 | Shutting down GARUDA
2026-07-22 22:24:16.554 | INFO     | core.logging:setup_logging:67 | Logging system initialized
2026-07-22 22:24:16.561 | INFO     | main:lifespan:35 | Starting GARUDA v1.0.0
2026-07-22 22:24:16.561 | INFO     | main:lifespan:36 | Environment: development
2026-07-22 22:24:16.616 | INFO     | main:lifespan:38 | Database initialized
2026-07-22 22:24:31.243 | INFO     | services.project_service:open_project:154 | Project opened
2026-07-22 22:24:31.311 | INFO     | services.project_service:open_project:154 | Project opened
2026-07-22 22:24:31.358 | INFO     | services.project_service:open_project:154 | Project opened
2026-07-22 22:24:31.413 | INFO     | services.project_service:open_project:154 | Project opened
2026-07-22 22:24:31.461 | INFO     | services.project_service:open_project:154 | Project opened
2026-07-22 22:24:31.574 | INFO     | services.project_service:open_project:154 | Project opened
2026-07-22 22:24:31.655 | INFO     | services.project_service:open_project:154 | Project opened
2026-07-22 22:24:31.735 | INFO     | services.project_service:open_project:154 | Project opened
2026-07-22 22:24:31.807 | INFO     | services.project_service:open_project:154 | Project opened
2026-07-22 22:24:31.879 | INFO     | services.project_service:open_project:154 | Project opened
2026-07-22 22:24:31.990 | INFO     | services.project_service:open_project:154 | Project opened
2026-07-22 22:24:32.221 | INFO     | services.project_service:open_project:154 | Project opened
2026-07-22 22:24:32.372 | INFO     | services.project_service:open_project:154 | Project opened
2026-07-22 22:24:32.441 | INFO     | services.project_service:open_project:154 | Project opened
2026-07-22 22:24:32.493 | INFO     | services.project_service:open_project:154 | Project opened
2026-07-22 22:24:32.549 | INFO     | services.project_service:open_project:154 | Project opened
2026-07-22 22:24:32.604 | INFO     | services.project_service:open_project:154 | Project opened
2026-07-22 22:24:32.652 | INFO     | services.project_service:open_project:154 | Project opened
2026-07-22 22:24:32.701 | INFO     | services.project_service:open_project:154 | Project opened
2026-07-22 22:24:32.750 | INFO     | services.project_service:open_project:154 | Project opened
2026-07-22 22:24:32.790 | INFO     | services.project_service:open_project:154 | Project opened
2026-07-22 22:24:32.848 | INFO     | services.project_service:open_project:154 | Project opened
2026-07-22 22:24:32.897 | INFO     | services.project_service:open_project:154 | Project opened
2026-07-22 22:24:52.466 | INFO     | services.project_service:open_project:154 | Project opened
2026-07-22 22:24:52.479 | INFO     | services.project_service:open_project:154 | Project opened
2026-07-22 22:24:52.517 | INFO     | services.project_service:open_project:154 | Project opened
2026-07-22 22:24:52.557 | INFO     | services.project_service:open_project:154 | Project opened
2026-07-22 22:24:52.599 | INFO     | services.project_service:open_project:154 | Project opened
2026-07-22 22:24:52.641 | INFO     | services.project_service:open_project:154 | Project opened
2026-07-22 22:24:52.677 | INFO     | services.project_service:open_project:154 | Project opened
2026-07-22 22:24:52.706 | INFO     | services.project_service:open_project:154 | Project opened
2026-07-22 22:24:52.736 | INFO     | services.project_service:open_project:154 | Project opened
2026-07-22 22:24:52.772 | INFO     | services.project_service:open_project:154 | Project opened
2026-07-22 22:24:52.806 | INFO     | services.project_service:open_project:154 | Project opened
2026-07-22 22:24:52.839 | INFO     | services.project_service:open_project:154 | Project opened
2026-07-22 22:24:52.872 | INFO     | services.project_service:open_project:154 | Project opened
2026-07-22 22:24:52.906 | INFO     | services.project_service:open_project:154 | Project opened
2026-07-22 22:24:52.939 | INFO     | services.project_service:open_project:154 | Project opened
2026-07-22 22:24:52.970 | INFO     | services.project_service:open_project:154 | Project opened
2026-07-22 22:24:53.001 | INFO     | services.project_service:open_project:154 | Project opened
2026-07-22 22:24:53.033 | INFO     | services.project_service:open_project:154 | Project opened
2026-07-22 22:24:53.066 | INFO     | services.project_service:open_project:154 | Project opened
2026-07-22 22:24:53.096 | INFO     | services.project_service:open_project:154 | Project opened
2026-07-22 22:24:53.128 | INFO     | services.project_service:open_project:154 | Project opened
2026-07-22 22:24:53.162 | INFO     | services.project_service:open_project:154 | Project opened
2026-07-22 22:24:53.199 | INFO     | services.project_service:open_project:154 | Project opened
2026-07-22 22:24:53.231 | INFO     | services.project_service:open_project:154 | Project opened
2026-07-22 22:24:53.264 | INFO     | services.project_service:open_project:154 | Project opened
2026-07-22 22:24:53.296 | INFO     | services.project_service:open_project:154 | Project opened
2026-07-22 22:24:53.334 | INFO     | services.project_service:open_project:154 | Project opened
2026-07-22 22:24:53.371 | INFO     | services.project_service:open_project:154 | Project opened
2026-07-22 22:24:53.405 | INFO     | services.project_service:open_project:154 | Project opened
2026-07-22 22:24:53.442 | INFO     | services.project_service:open_project:154 | Project opened
2026-07-22 22:24:53.480 | INFO     | services.project_service:open_project:154 | Project opened
2026-07-22 22:24:53.515 | INFO     | services.project_service:open_project:154 | Project opened
2026-07-22 22:24:53.549 | INFO     | services.project_service:open_project:154 | Project opened
2026-07-22 22:24:53.587 | INFO     | services.project_service:open_project:154 | Project opened
2026-07-22 22:24:53.621 | INFO     | services.project_service:open_project:154 | Project opened
2026-07-22 22:24:53.656 | INFO     | services.project_service:open_project:154 | Project opened
2026-07-22 22:24:53.705 | INFO     | services.project_service:open_project:154 | Project opened
2026-07-22 22:24:53.756 | INFO     | services.project_service:open_project:154 | Project opened
2026-07-22 22:24:53.814 | INFO     | services.project_service:open_project:154 | Project opened
2026-07-22 22:24:53.877 | INFO     | services.project_service:open_project:154 | Project opened
2026-07-22 22:24:53.923 | INFO     | services.project_service:open_project:154 | Project opened
2026-07-22 22:24:53.967 | INFO     | services.project_service:open_project:154 | Project opened
2026-07-22 22:24:53.997 | INFO     | services.project_service:open_project:154 | Project opened
2026-07-22 22:24:54.032 | INFO     | services.project_service:open_project:154 | Project opened
2026-07-22 22:24:54.064 | INFO     | services.project_service:open_project:154 | Project opened
2026-07-22 22:24:54.090 | INFO     | services.project_service:open_project:154 | Project opened
2026-07-22 22:24:54.126 | INFO     | services.project_service:open_project:154 | Project opened
2026-07-22 22:25:56.273 | INFO     | services.project_service:open_project:154 | Project opened
2026-07-22 22:25:56.315 | INFO     | services.project_service:open_project:154 | Project opened
2026-07-22 22:25:56.346 | INFO     | services.project_service:open_project:154 | Project opened
2026-07-22 22:25:56.382 | INFO     | services.project_service:open_project:154 | Project opened
2026-07-22 22:25:56.402 | INFO     | services.project_service:open_project:154 | Project opened
2026-07-22 22:25:56.440 | INFO     | services.project_service:open_project:154 | Project opened
2026-07-22 22:25:56.469 | INFO     | services.project_service:open_project:154 | Project opened
2026-07-22 22:25:56.500 | INFO     | services.project_service:open_project:154 | Project opened
2026-07-22 22:25:56.525 | INFO     | services.project_service:open_project:154 | Project opened
2026-07-22 22:25:56.561 | INFO     | services.project_service:open_project:154 | Project opened
2026-07-22 22:25:56.594 | INFO     | services.project_service:open_project:154 | Project opened
2026-07-22 22:25:56.624 | INFO     | services.project_service:open_project:154 | Project opened
2026-07-22 22:25:56.654 | INFO     | services.project_service:open_project:154 | Project opened
2026-07-22 22:25:56.688 | INFO     | services.project_service:open_project:154 | Project opened
2026-07-22 22:25:56.718 | INFO     | services.project_service:open_project:154 | Project opened
2026-07-22 22:25:56.749 | INFO     | services.project_service:open_project:154 | Project opened
2026-07-22 22:25:56.781 | INFO     | services.project_service:open_project:154 | Project opened
2026-07-22 22:25:56.812 | INFO     | services.project_service:open_project:154 | Project opened
2026-07-22 22:25:56.855 | INFO     | services.project_service:open_project:154 | Project opened
2026-07-22 22:25:56.895 | INFO     | services.project_service:open_project:154 | Project opened
2026-07-22 22:25:56.941 | INFO     | services.project_service:open_project:154 | Project opened
2026-07-22 22:25:56.986 | INFO     | services.project_service:open_project:154 | Project opened
2026-07-22 22:25:57.037 | INFO     | services.project_service:open_project:154 | Project opened
2026-07-22 22:25:57.074 | INFO     | services.project_service:open_project:154 | Project opened
2026-07-22 22:25:57.104 | INFO     | services.project_service:open_project:154 | Project opened
2026-07-22 22:25:57.148 | INFO     | services.project_service:open_project:154 | Project opened
2026-07-22 22:25:57.194 | INFO     | services.project_service:open_project:154 | Project opened
2026-07-22 22:25:57.224 | INFO     | services.project_service:open_project:154 | Project opened
2026-07-22 22:25:57.255 | INFO     | services.project_service:open_project:154 | Project opened
2026-07-22 22:25:57.285 | INFO     | services.project_service:open_project:154 | Project opened
2026-07-22 22:25:57.323 | INFO     | services.project_service:open_project:154 | Project opened
2026-07-22 22:25:57.352 | INFO     | services.project_service:open_project:154 | Project opened
2026-07-22 22:25:57.396 | INFO     | services.project_service:open_project:154 | Project opened
2026-07-22 22:25:57.428 | INFO     | services.project_service:open_project:154 | Project opened
2026-07-22 22:25:57.456 | INFO     | services.project_service:open_project:154 | Project opened
2026-07-22 22:25:57.483 | INFO     | services.project_service:open_project:154 | Project opened
2026-07-22 22:25:57.516 | INFO     | services.project_service:open_project:154 | Project opened
2026-07-22 22:25:57.555 | INFO     | services.project_service:open_project:154 | Project opened
2026-07-22 22:25:57.590 | INFO     | services.project_service:open_project:154 | Project opened
2026-07-22 22:25:57.619 | INFO     | services.project_service:open_project:154 | Project opened
2026-07-22 22:25:57.663 | INFO     | services.project_service:open_project:154 | Project opened
2026-07-22 22:25:57.703 | INFO     | services.project_service:open_project:154 | Project opened
2026-07-22 22:25:57.739 | INFO     | services.project_service:open_project:154 | Project opened
2026-07-22 22:25:57.771 | INFO     | services.project_service:open_project:154 | Project opened
2026-07-22 22:25:57.803 | INFO     | services.project_service:open_project:154 | Project opened
2026-07-22 22:25:57.830 | INFO     | services.project_service:open_project:154 | Project opened
2026-07-22 22:25:57.869 | INFO     | services.project_service:open_project:154 | Project opened
2026-07-22 22:25:57.896 | INFO     | services.project_service:open_project:154 | Project opened
2026-07-22 22:25:57.930 | INFO     | services.project_service:open_project:154 | Project opened
2026-07-22 22:25:57.963 | INFO     | services.project_service:open_project:154 | Project opened
2026-07-22 22:25:57.991 | INFO     | services.project_service:open_project:154 | Project opened
2026-07-22 22:25:58.019 | INFO     | services.project_service:open_project:154 | Project opened
2026-07-22 22:25:58.059 | INFO     | services.project_service:open_project:154 | Project opened
2026-07-22 22:25:58.087 | INFO     | services.project_service:open_project:154 | Project opened
2026-07-22 22:25:58.117 | INFO     | services.project_service:open_project:154 | Project opened
2026-07-22 22:25:58.146 | INFO     | services.project_service:open_project:154 | Project opened
2026-07-22 22:25:58.181 | INFO     | services.project_service:open_project:154 | Project opened
2026-07-22 22:25:58.209 | INFO     | services.project_service:open_project:154 | Project opened
2026-07-22 22:25:58.245 | INFO     | services.project_service:open_project:154 | Project opened
2026-07-22 22:25:58.276 | INFO     | services.project_service:open_project:154 | Project opened
2026-07-22 22:25:58.302 | INFO     | services.project_service:open_project:154 | Project opened
2026-07-22 22:25:58.327 | INFO     | services.project_service:open_project:154 | Project opened
2026-07-22 22:25:58.355 | INFO     | services.project_service:open_project:154 | Project opened
2026-07-22 22:25:58.405 | INFO     | services.project_service:open_project:154 | Project opened
2026-07-23 21:09:27.383 | INFO     | core.logging:setup_logging:67 | Logging system initialized
2026-07-23 21:09:27.388 | INFO     | main:lifespan:35 | Starting GARUDA v1.0.0
2026-07-23 21:09:27.388 | INFO     | main:lifespan:36 | Environment: development
2026-07-23 21:09:27.469 | INFO     | main:lifespan:38 | Database initialized
2026-07-23 21:09:47.600 | INFO     | services.project_service:open_project:154 | Project opened
2026-07-23 21:09:47.661 | INFO     | services.project_service:open_project:154 | Project opened
2026-07-23 21:09:47.706 | INFO     | services.project_service:open_project:154 | Project opened
2026-07-23 21:09:47.768 | INFO     | services.project_service:open_project:154 | Project opened
2026-07-23 21:09:47.828 | INFO     | services.project_service:open_project:154 | Project opened
2026-07-23 21:09:47.885 | INFO     | services.project_service:open_project:154 | Project opened
2026-07-23 21:09:47.935 | INFO     | services.project_service:open_project:154 | Project opened
2026-07-23 21:09:47.988 | INFO     | services.project_service:open_project:154 | Project opened
2026-07-23 21:09:48.037 | INFO     | services.project_service:open_project:154 | Project opened
2026-07-23 21:09:48.084 | INFO     | services.project_service:open_project:154 | Project opened
2026-07-23 21:09:48.134 | INFO     | services.project_service:open_project:154 | Project opened
2026-07-23 21:09:48.177 | INFO     | services.project_service:open_project:154 | Project opened
2026-07-23 21:09:48.219 | INFO     | services.project_service:open_project:154 | Project opened
2026-07-23 21:09:48.267 | INFO     | services.project_service:open_project:154 | Project opened
2026-07-23 21:09:48.307 | INFO     | services.project_service:open_project:154 | Project opened
2026-07-23 21:09:48.349 | INFO     | services.project_service:open_project:154 | Project opened
2026-07-23 21:09:48.378 | INFO     | services.project_service:open_project:154 | Project opened
2026-07-23 21:09:48.411 | INFO     | services.project_service:open_project:154 | Project opened
2026-07-23 21:09:48.467 | INFO     | services.project_service:open_project:154 | Project opened
2026-07-23 21:09:48.511 | INFO     | services.project_service:open_project:154 | Project opened
2026-07-23 21:09:48.556 | INFO     | services.project_service:open_project:154 | Project opened
2026-07-23 21:09:48.612 | INFO     | services.project_service:open_project:154 | Project opened
2026-07-23 21:09:48.647 | INFO     | services.project_service:open_project:154 | Project opened
2026-07-23 21:09:48.695 | INFO     | services.project_service:open_project:154 | Project opened
2026-07-23 21:09:48.738 | INFO     | services.project_service:open_project:154 | Project opened
2026-07-23 21:09:48.783 | INFO     | services.project_service:open_project:154 | Project opened
2026-07-23 21:09:48.825 | INFO     | services.project_service:open_project:154 | Project opened
2026-07-23 21:09:48.866 | INFO     | services.project_service:open_project:154 | Project opened
2026-07-23 21:09:48.909 | INFO     | services.project_service:open_project:154 | Project opened
2026-07-23 21:09:48.951 | INFO     | services.project_service:open_project:154 | Project opened
2026-07-23 21:09:48.999 | INFO     | services.project_service:open_project:154 | Project opened
2026-07-23 21:09:49.038 | INFO     | services.project_service:open_project:154 | Project opened
2026-07-23 21:09:49.089 | INFO     | services.project_service:open_project:154 | Project opened
2026-07-23 21:09:49.133 | INFO     | services.project_service:open_project:154 | Project opened
2026-07-23 21:10:09.928 | INFO     | services.project_service:open_project:154 | Project opened
2026-07-23 21:10:09.941 | INFO     | services.project_service:open_project:154 | Project opened
2026-07-23 21:10:09.988 | INFO     | services.project_service:open_project:154 | Project opened
2026-07-23 21:10:10.027 | INFO     | services.project_service:open_project:154 | Project opened
2026-07-23 21:10:10.067 | INFO     | services.project_service:open_project:154 | Project opened
2026-07-23 21:10:10.108 | INFO     | services.project_service:open_project:154 | Project opened
2026-07-23 21:10:10.148 | INFO     | services.project_service:open_project:154 | Project opened
2026-07-23 21:10:10.185 | INFO     | services.project_service:open_project:154 | Project opened
2026-07-23 21:10:10.223 | INFO     | services.project_service:open_project:154 | Project opened
2026-07-23 21:10:10.256 | INFO     | services.project_service:open_project:154 | Project opened
2026-07-23 21:10:10.295 | INFO     | services.project_service:open_project:154 | Project opened
2026-07-23 21:10:10.348 | INFO     | services.project_service:open_project:154 | Project opened
2026-07-23 21:10:10.391 | INFO     | services.project_service:open_project:154 | Project opened
2026-07-23 21:10:10.427 | INFO     | services.project_service:open_project:154 | Project opened
2026-07-23 21:10:10.464 | INFO     | services.project_service:open_project:154 | Project opened
2026-07-23 21:10:10.497 | INFO     | services.project_service:open_project:154 | Project opened
2026-07-23 21:10:10.536 | INFO     | services.project_service:open_project:154 | Project opened
2026-07-23 21:10:10.577 | INFO     | services.project_service:open_project:154 | Project opened
2026-07-23 21:10:10.614 | INFO     | services.project_service:open_project:154 | Project opened
2026-07-23 21:10:10.655 | INFO     | services.project_service:open_project:154 | Project opened
2026-07-23 21:10:10.697 | INFO     | services.project_service:open_project:154 | Project opened
2026-07-23 21:10:10.756 | INFO     | services.project_service:open_project:154 | Project opened
2026-07-23 21:10:10.797 | INFO     | services.project_service:open_project:154 | Project opened
2026-07-23 21:10:10.838 | INFO     | services.project_service:open_project:154 | Project opened
2026-07-23 21:10:10.877 | INFO     | services.project_service:open_project:154 | Project opened
2026-07-23 21:10:10.930 | INFO     | services.project_service:open_project:154 | Project opened
2026-07-23 21:10:10.999 | INFO     | services.project_service:open_project:154 | Project opened
2026-07-23 21:10:11.063 | INFO     | services.project_service:open_project:154 | Project opened
2026-07-23 21:10:11.119 | INFO     | services.project_service:open_project:154 | Project opened
2026-07-23 21:10:11.158 | INFO     | services.project_service:open_project:154 | Project opened
2026-07-23 21:10:11.195 | INFO     | services.project_service:open_project:154 | Project opened
2026-07-23 21:10:11.235 | INFO     | services.project_service:open_project:154 | Project opened
2026-07-23 21:10:11.268 | INFO     | services.project_service:open_project:154 | Project opened
2026-07-23 21:10:11.311 | INFO     | services.project_service:open_project:154 | Project opened
2026-07-23 21:10:11.356 | INFO     | services.project_service:open_project:154 | Project opened
2026-07-23 21:10:11.406 | INFO     | services.project_service:open_project:154 | Project opened
2026-07-23 21:10:11.451 | INFO     | services.project_service:open_project:154 | Project opened
2026-07-23 21:10:11.504 | INFO     | services.project_service:open_project:154 | Project opened
2026-07-23 21:10:11.546 | INFO     | services.project_service:open_project:154 | Project opened
2026-07-23 21:10:11.585 | INFO     | services.project_service:open_project:154 | Project opened
2026-07-23 21:10:11.618 | INFO     | services.project_service:open_project:154 | Project opened
2026-07-23 21:10:11.658 | INFO     | services.project_service:open_project:154 | Project opened
2026-07-23 21:10:11.689 | INFO     | services.project_service:open_project:154 | Project opened
2026-07-23 21:10:11.740 | INFO     | services.project_service:open_project:154 | Project opened
2026-07-23 21:10:11.774 | INFO     | services.project_service:open_project:154 | Project opened
2026-07-23 21:10:11.810 | INFO     | services.project_service:open_project:154 | Project opened
2026-07-23 21:10:37.966 | INFO     | services.project_service:open_project:154 | Project opened
2026-07-23 21:10:37.980 | INFO     | services.project_service:open_project:154 | Project opened
2026-07-23 21:10:38.031 | INFO     | services.project_service:open_project:154 | Project opened
2026-07-23 21:10:38.074 | INFO     | services.project_service:open_project:154 | Project opened
2026-07-23 21:10:38.110 | INFO     | services.project_service:open_project:154 | Project opened
2026-07-23 21:10:38.151 | INFO     | services.project_service:open_project:154 | Project opened
2026-07-23 21:10:38.186 | INFO     | services.project_service:open_project:154 | Project opened
2026-07-23 21:10:38.229 | INFO     | services.project_service:open_project:154 | Project opened
2026-07-23 21:10:38.263 | INFO     | services.project_service:open_project:154 | Project opened
2026-07-23 21:10:38.313 | INFO     | services.project_service:open_project:154 | Project opened
2026-07-23 21:10:38.354 | INFO     | services.project_service:open_project:154 | Project opened
2026-07-23 21:10:38.395 | INFO     | services.project_service:open_project:154 | Project opened
2026-07-23 21:10:38.434 | INFO     | services.project_service:open_project:154 | Project opened
2026-07-23 21:10:38.472 | INFO     | services.project_service:open_project:154 | Project opened
2026-07-23 21:10:38.516 | INFO     | services.project_service:open_project:154 | Project opened
2026-07-23 21:10:38.552 | INFO     | services.project_service:open_project:154 | Project opened
2026-07-23 21:10:38.587 | INFO     | services.project_service:open_project:154 | Project opened
2026-07-23 21:10:38.623 | INFO     | services.project_service:open_project:154 | Project opened
2026-07-23 21:10:38.661 | INFO     | services.project_service:open_project:154 | Project opened
2026-07-23 21:10:38.700 | INFO     | services.project_service:open_project:154 | Project opened
2026-07-23 21:10:38.742 | INFO     | services.project_service:open_project:154 | Project opened
2026-07-23 21:10:38.782 | INFO     | services.project_service:open_project:154 | Project opened
2026-07-23 21:10:38.829 | INFO     | services.project_service:open_project:154 | Project opened
2026-07-23 21:10:38.871 | INFO     | services.project_service:open_project:154 | Project opened
2026-07-23 21:10:38.911 | INFO     | services.project_service:open_project:154 | Project opened
2026-07-23 21:10:38.950 | INFO     | services.project_service:open_project:154 | Project opened
2026-07-23 21:10:38.986 | INFO     | services.project_service:open_project:154 | Project opened
2026-07-23 21:10:39.033 | INFO     | services.project_service:open_project:154 | Project opened
2026-07-23 21:10:39.108 | INFO     | services.project_service:open_project:154 | Project opened
2026-07-23 21:10:39.175 | INFO     | services.project_service:open_project:154 | Project opened
2026-07-23 21:10:39.235 | INFO     | services.project_service:open_project:154 | Project opened
2026-07-23 21:10:39.281 | INFO     | services.project_service:open_project:154 | Project opened
2026-07-23 21:10:39.320 | INFO     | services.project_service:open_project:154 | Project opened
2026-07-23 21:10:39.356 | INFO     | services.project_service:open_project:154 | Project opened
2026-07-23 21:10:39.396 | INFO     | services.project_service:open_project:154 | Project opened
2026-07-23 21:10:39.430 | INFO     | services.project_service:open_project:154 | Project opened
2026-07-23 21:10:39.460 | INFO     | services.project_service:open_project:154 | Project opened
2026-07-23 21:10:39.491 | INFO     | services.project_service:open_project:154 | Project opened
2026-07-23 21:10:39.529 | INFO     | services.project_service:open_project:154 | Project opened
2026-07-23 21:10:39.570 | INFO     | services.project_service:open_project:154 | Project opened
2026-07-23 21:10:39.614 | INFO     | services.project_service:open_project:154 | Project opened
2026-07-23 21:10:39.649 | INFO     | services.project_service:open_project:154 | Project opened
2026-07-23 21:10:39.688 | INFO     | services.project_service:open_project:154 | Project opened
2026-07-23 21:10:39.736 | INFO     | services.project_service:open_project:154 | Project opened
2026-07-23 21:10:39.777 | INFO     | services.project_service:open_project:154 | Project opened
2026-07-23 21:10:39.816 | INFO     | services.project_service:open_project:154 | Project opened
2026-07-23 21:10:39.860 | INFO     | services.project_service:open_project:154 | Project opened
2026-07-23 21:10:39.894 | INFO     | services.project_service:open_project:154 | Project opened
2026-07-23 21:10:39.928 | INFO     | services.project_service:open_project:154 | Project opened
2026-07-23 21:10:39.960 | INFO     | services.project_service:open_project:154 | Project opened
2026-07-23 21:10:39.995 | INFO     | services.project_service:open_project:154 | Project opened
2026-07-23 21:10:40.030 | INFO     | services.project_service:open_project:154 | Project opened
2026-07-23 21:10:40.066 | INFO     | services.project_service:open_project:154 | Project opened
2026-07-23 21:10:40.115 | INFO     | services.project_service:open_project:154 | Project opened
2026-07-23 21:10:40.152 | INFO     | services.project_service:open_project:154 | Project opened
2026-07-23 21:10:56.152 | INFO     | geo.file_import_service:import_kml:210 | KML imported
2026-07-23 21:11:05.697 | INFO     | geo.layer_service:toggle_visibility:127 | Layer visibility toggled
2026-07-23 21:11:06.138 | INFO     | geo.layer_service:toggle_visibility:127 | Layer visibility toggled
2026-07-23 21:11:39.791 | INFO     | services.project_service:open_project:154 | Project opened
2026-07-23 21:11:39.827 | INFO     | services.project_service:open_project:154 | Project opened
2026-07-23 21:11:39.857 | INFO     | services.project_service:open_project:154 | Project opened
2026-07-23 21:11:39.894 | INFO     | services.project_service:open_project:154 | Project opened
2026-07-23 21:11:39.923 | INFO     | services.project_service:open_project:154 | Project opened
2026-07-23 21:11:39.957 | INFO     | services.project_service:open_project:154 | Project opened
2026-07-23 21:11:39.991 | INFO     | services.project_service:open_project:154 | Project opened
2026-07-23 21:11:40.019 | INFO     | services.project_service:open_project:154 | Project opened
2026-07-23 21:11:40.057 | INFO     | services.project_service:open_project:154 | Project opened
2026-07-23 21:11:40.096 | INFO     | services.project_service:open_project:154 | Project opened
2026-07-23 21:11:40.133 | INFO     | services.project_service:open_project:154 | Project opened
2026-07-23 21:11:40.165 | INFO     | services.project_service:open_project:154 | Project opened
2026-07-23 21:11:40.198 | INFO     | services.project_service:open_project:154 | Project opened
2026-07-23 21:11:40.230 | INFO     | services.project_service:open_project:154 | Project opened
2026-07-23 21:11:40.261 | INFO     | services.project_service:open_project:154 | Project opened
2026-07-23 21:11:40.295 | INFO     | services.project_service:open_project:154 | Project opened
2026-07-23 21:11:40.329 | INFO     | services.project_service:open_project:154 | Project opened
2026-07-23 21:11:40.363 | INFO     | services.project_service:open_project:154 | Project opened
2026-07-23 21:11:40.393 | INFO     | services.project_service:open_project:154 | Project opened
2026-07-23 21:11:40.426 | INFO     | services.project_service:open_project:154 | Project opened
2026-07-23 21:11:40.471 | INFO     | services.project_service:open_project:154 | Project opened
2026-07-23 21:11:40.509 | INFO     | services.project_service:open_project:154 | Project opened
2026-07-23 21:11:40.542 | INFO     | services.project_service:open_project:154 | Project opened
2026-07-23 21:11:40.586 | INFO     | services.project_service:open_project:154 | Project opened
2026-07-23 21:11:40.631 | INFO     | services.project_service:open_project:154 | Project opened
2026-07-23 21:11:40.679 | INFO     | services.project_service:open_project:154 | Project opened
2026-07-23 21:11:40.720 | INFO     | services.project_service:open_project:154 | Project opened
2026-07-23 21:11:40.770 | INFO     | services.project_service:open_project:154 | Project opened
2026-07-23 21:11:40.830 | INFO     | services.project_service:open_project:154 | Project opened
2026-07-23 21:11:40.898 | INFO     | services.project_service:open_project:154 | Project opened
2026-07-23 21:11:40.975 | INFO     | services.project_service:open_project:154 | Project opened
2026-07-23 21:11:41.056 | INFO     | services.project_service:open_project:154 | Project opened
2026-07-23 21:11:41.095 | INFO     | services.project_service:open_project:154 | Project opened
2026-07-23 21:11:41.141 | INFO     | services.project_service:open_project:154 | Project opened
2026-07-23 21:11:47.295 | INFO     | services.project_service:open_project:154 | Project opened
2026-07-23 21:11:47.335 | INFO     | services.project_service:open_project:154 | Project opened
2026-07-23 21:11:47.390 | INFO     | services.project_service:open_project:154 | Project opened
2026-07-23 21:11:47.436 | INFO     | services.project_service:open_project:154 | Project opened
2026-07-23 21:11:47.497 | INFO     | services.project_service:open_project:154 | Project opened
2026-07-23 21:11:47.532 | INFO     | services.project_service:open_project:154 | Project opened
2026-07-23 21:11:47.595 | INFO     | services.project_service:open_project:154 | Project opened
2026-07-23 21:11:47.659 | INFO     | services.project_service:open_project:154 | Project opened
2026-07-23 21:11:47.724 | INFO     | services.project_service:open_project:154 | Project opened
2026-07-23 21:11:47.782 | INFO     | services.project_service:open_project:154 | Project opened
2026-07-23 21:11:47.830 | INFO     | services.project_service:open_project:154 | Project opened
2026-07-23 21:11:47.865 | INFO     | services.project_service:open_project:154 | Project opened
2026-07-23 21:11:47.913 | INFO     | services.project_service:open_project:154 | Project opened
2026-07-23 21:11:47.951 | INFO     | services.project_service:open_project:154 | Project opened
2026-07-23 21:11:47.993 | INFO     | services.project_service:open_project:154 | Project opened
2026-07-23 21:11:48.043 | INFO     | services.project_service:open_project:154 | Project opened
2026-07-23 21:11:48.142 | INFO     | services.project_service:open_project:154 | Project opened
2026-07-23 21:11:48.262 | INFO     | services.project_service:open_project:154 | Project opened
2026-07-23 21:11:48.736 | INFO     | services.project_service:open_project:154 | Project opened
2026-07-23 21:11:48.954 | INFO     | services.project_service:open_project:154 | Project opened
2026-07-23 21:11:49.054 | INFO     | services.project_service:open_project:154 | Project opened
2026-07-23 21:11:49.109 | INFO     | services.project_service:open_project:154 | Project opened
2026-07-23 21:12:05.218 | INFO     | services.project_service:open_project:154 | Project opened
2026-07-23 21:12:05.229 | INFO     | services.project_service:open_project:154 | Project opened
2026-07-23 21:12:05.280 | INFO     | services.project_service:open_project:154 | Project opened
2026-07-23 21:12:05.311 | INFO     | services.project_service:open_project:154 | Project opened
2026-07-23 21:12:05.346 | INFO     | services.project_service:open_project:154 | Project opened
2026-07-23 21:12:05.374 | INFO     | services.project_service:open_project:154 | Project opened
2026-07-23 21:12:05.411 | INFO     | services.project_service:open_project:154 | Project opened
2026-07-23 21:12:05.438 | INFO     | services.project_service:open_project:154 | Project opened
2026-07-23 21:12:05.463 | INFO     | services.project_service:open_project:154 | Project opened
2026-07-23 21:12:05.493 | INFO     | services.project_service:open_project:154 | Project opened
2026-07-23 21:12:05.523 | INFO     | services.project_service:open_project:154 | Project opened
2026-07-23 21:12:05.558 | INFO     | services.project_service:open_project:154 | Project opened
2026-07-23 21:12:05.602 | INFO     | services.project_service:open_project:154 | Project opened
2026-07-23 21:12:05.650 | INFO     | services.project_service:open_project:154 | Project opened
2026-07-23 21:12:05.689 | INFO     | services.project_service:open_project:154 | Project opened
2026-07-23 21:12:05.728 | INFO     | services.project_service:open_project:154 | Project opened
2026-07-23 21:12:05.765 | INFO     | services.project_service:open_project:154 | Project opened
2026-07-23 21:12:05.796 | INFO     | services.project_service:open_project:154 | Project opened
2026-07-23 21:12:05.834 | INFO     | services.project_service:open_project:154 | Project opened
2026-07-23 21:12:05.860 | INFO     | services.project_service:open_project:154 | Project opened
2026-07-23 21:12:05.893 | INFO     | services.project_service:open_project:154 | Project opened
2026-07-23 21:12:05.921 | INFO     | services.project_service:open_project:154 | Project opened
2026-07-23 21:12:05.956 | INFO     | services.project_service:open_project:154 | Project opened
2026-07-23 21:12:05.987 | INFO     | services.project_service:open_project:154 | Project opened
2026-07-23 21:12:06.026 | INFO     | services.project_service:open_project:154 | Project opened
2026-07-23 21:12:06.060 | INFO     | services.project_service:open_project:154 | Project opened
2026-07-23 21:12:06.092 | INFO     | services.project_service:open_project:154 | Project opened
2026-07-23 21:12:06.127 | INFO     | services.project_service:open_project:154 | Project opened
2026-07-23 21:12:06.156 | INFO     | services.project_service:open_project:154 | Project opened
2026-07-23 21:12:06.194 | INFO     | services.project_service:open_project:154 | Project opened
2026-07-23 21:12:06.225 | INFO     | services.project_service:open_project:154 | Project opened
2026-07-23 21:12:06.257 | INFO     | services.project_service:open_project:154 | Project opened
2026-07-23 21:12:06.292 | INFO     | services.project_service:open_project:154 | Project opened
2026-07-23 21:12:06.333 | INFO     | services.project_service:open_project:154 | Project opened
2026-07-23 21:12:06.369 | INFO     | services.project_service:open_project:154 | Project opened
2026-07-23 21:12:06.411 | INFO     | services.project_service:open_project:154 | Project opened
2026-07-23 21:12:06.448 | INFO     | services.project_service:open_project:154 | Project opened
2026-07-23 21:12:06.495 | INFO     | services.project_service:open_project:154 | Project opened
2026-07-23 21:12:06.535 | INFO     | services.project_service:open_project:154 | Project opened
2026-07-23 21:12:06.563 | INFO     | services.project_service:open_project:154 | Project opened
2026-07-23 21:12:06.596 | INFO     | services.project_service:open_project:154 | Project opened
2026-07-23 22:40:44.094 | INFO     | core.logging:setup_logging:67 | Logging system initialized
2026-07-23 22:40:44.098 | INFO     | main:lifespan:35 | Starting GARUDA v1.0.0
2026-07-23 22:40:44.098 | INFO     | main:lifespan:36 | Environment: development
2026-07-23 22:40:44.149 | INFO     | main:lifespan:38 | Database initialized
2026-07-23 22:45:16.420 | INFO     | services.project_service:open_project:154 | Project opened
2026-07-23 22:45:16.463 | INFO     | services.project_service:open_project:154 | Project opened
2026-07-23 22:45:16.494 | INFO     | services.project_service:open_project:154 | Project opened
2026-07-23 22:45:16.531 | INFO     | services.project_service:open_project:154 | Project opened
2026-07-23 22:45:16.566 | INFO     | services.project_service:open_project:154 | Project opened
2026-07-23 22:45:16.590 | INFO     | services.project_service:open_project:154 | Project opened
2026-07-23 22:45:16.628 | INFO     | services.project_service:open_project:154 | Project opened
2026-07-23 22:45:16.657 | INFO     | services.project_service:open_project:154 | Project opened
2026-07-23 22:45:16.695 | INFO     | services.project_service:open_project:154 | Project opened
2026-07-23 22:45:16.736 | INFO     | services.project_service:open_project:154 | Project opened
2026-07-23 22:45:16.818 | INFO     | services.project_service:open_project:154 | Project opened
2026-07-23 22:45:16.865 | INFO     | services.project_service:open_project:154 | Project opened
2026-07-23 22:45:16.908 | INFO     | services.project_service:open_project:154 | Project opened
2026-07-23 22:45:16.945 | INFO     | services.project_service:open_project:154 | Project opened
2026-07-23 22:45:16.993 | INFO     | services.project_service:open_project:154 | Project opened
2026-07-23 22:45:17.032 | INFO     | services.project_service:open_project:154 | Project opened
2026-07-23 22:45:17.074 | INFO     | services.project_service:open_project:154 | Project opened
2026-07-23 22:45:17.105 | INFO     | services.project_service:open_project:154 | Project opened
2026-07-23 22:45:17.136 | INFO     | services.project_service:open_project:154 | Project opened
2026-07-23 22:45:17.246 | INFO     | services.project_service:open_project:154 | Project opened
2026-07-23 22:45:17.291 | INFO     | services.project_service:open_project:154 | Project opened
2026-07-23 22:45:17.333 | INFO     | services.project_service:open_project:154 | Project opened
2026-07-23 22:45:17.370 | INFO     | services.project_service:open_project:154 | Project opened
2026-07-23 22:45:17.404 | INFO     | services.project_service:open_project:154 | Project opened
2026-07-23 22:45:17.434 | INFO     | services.project_service:open_project:154 | Project opened
2026-07-23 22:45:17.463 | INFO     | services.project_service:open_project:154 | Project opened
2026-07-23 22:45:17.492 | INFO     | services.project_service:open_project:154 | Project opened
2026-07-23 22:45:17.521 | INFO     | services.project_service:open_project:154 | Project opened
2026-07-23 22:45:17.555 | INFO     | services.project_service:open_project:154 | Project opened
2026-07-23 22:45:17.585 | INFO     | services.project_service:open_project:154 | Project opened
2026-07-23 22:45:17.614 | INFO     | services.project_service:open_project:154 | Project opened
2026-07-23 22:45:17.647 | INFO     | services.project_service:open_project:154 | Project opened
2026-07-23 22:45:17.676 | INFO     | services.project_service:open_project:154 | Project opened
2026-07-23 22:45:17.707 | INFO     | services.project_service:open_project:154 | Project opened
2026-07-23 22:45:17.739 | INFO     | services.project_service:open_project:154 | Project opened
2026-07-23 22:45:17.771 | INFO     | services.project_service:open_project:154 | Project opened
2026-07-23 22:45:17.806 | INFO     | services.project_service:open_project:154 | Project opened
2026-07-23 22:45:17.859 | INFO     | services.project_service:open_project:154 | Project opened
2026-07-23 22:45:17.893 | INFO     | services.project_service:open_project:154 | Project opened
2026-07-23 22:45:17.927 | INFO     | services.project_service:open_project:154 | Project opened
2026-07-23 22:45:17.957 | INFO     | services.project_service:open_project:154 | Project opened
2026-07-23 22:45:17.988 | INFO     | services.project_service:open_project:154 | Project opened
2026-07-23 22:45:18.023 | INFO     | services.project_service:open_project:154 | Project opened
2026-07-23 22:45:18.056 | INFO     | services.project_service:open_project:154 | Project opened
2026-07-23 22:45:18.091 | INFO     | services.project_service:open_project:154 | Project opened
2026-07-23 22:45:18.123 | INFO     | services.project_service:open_project:154 | Project opened
2026-07-23 22:45:18.161 | INFO     | services.project_service:open_project:154 | Project opened
2026-07-23 22:45:18.216 | INFO     | services.project_service:open_project:154 | Project opened
2026-07-23 22:45:18.278 | INFO     | services.project_service:open_project:154 | Project opened
2026-07-23 22:45:18.319 | INFO     | services.project_service:open_project:154 | Project opened
2026-07-23 22:45:18.351 | INFO     | services.project_service:open_project:154 | Project opened
2026-07-23 22:45:18.381 | INFO     | services.project_service:open_project:154 | Project opened
2026-07-23 22:45:18.410 | INFO     | services.project_service:open_project:154 | Project opened
2026-07-23 22:45:18.443 | INFO     | services.project_service:open_project:154 | Project opened
2026-07-23 22:45:18.478 | INFO     | services.project_service:open_project:154 | Project opened
2026-07-23 22:45:18.511 | INFO     | services.project_service:open_project:154 | Project opened
2026-07-23 22:45:18.541 | INFO     | services.project_service:open_project:154 | Project opened
2026-07-23 22:45:18.570 | INFO     | services.project_service:open_project:154 | Project opened
2026-07-23 22:45:18.610 | INFO     | services.project_service:open_project:154 | Project opened
2026-07-23 22:45:18.639 | INFO     | services.project_service:open_project:154 | Project opened
2026-07-23 22:45:18.671 | INFO     | services.project_service:open_project:154 | Project opened
2026-07-23 22:45:26.195 | INFO     | geo.file_import_service:import_kml:210 | KML imported
2026-07-23 23:37:36.612 | INFO     | core.logging:setup_logging:67 | Logging system initialized
2026-07-23 23:37:36.616 | INFO     | main:lifespan:35 | Starting GARUDA v1.0.0
2026-07-23 23:37:36.616 | INFO     | main:lifespan:36 | Environment: development
2026-07-23 23:37:36.673 | INFO     | main:lifespan:38 | Database initialized
2026-07-31 22:39:59.290 | INFO     | core.logging:setup_logging:67 | Logging system initialized
2026-07-31 22:39:59.295 | INFO     | main:lifespan:35 | Starting GARUDA v1.0.0
2026-07-31 22:39:59.295 | INFO     | main:lifespan:36 | Environment: development
2026-07-31 22:39:59.470 | INFO     | main:lifespan:38 | Database initialized
2026-07-31 22:40:06.331 | INFO     | services.project_service:open_project:154 | Project opened
2026-07-31 22:40:10.817 | INFO     | services.project_service:open_project:154 | Project opened
2026-07-31 22:41:19.144 | INFO     | services.project_service:open_project:154 | Project opened
2026-07-31 22:43:47.953 | INFO     | geo.file_import_service:import_kml:210 | KML imported
2026-07-31 22:44:00.235 | INFO     | geo.layer_service:toggle_visibility:127 | Layer visibility toggled
2026-07-31 22:44:00.857 | INFO     | geo.layer_service:toggle_visibility:127 | Layer visibility toggled
2026-07-31 22:44:29.815 | INFO     | main:lifespan:42 | Shutting down GARUDA
